Pred_AdlBM,Pred_FunctionalGroupIndex,Prey_LowerBodyMassBin,Prey_Diet,Prey_Thermoregulation,Prey_BiomassConsumed
81677.5,2,1000,H,Ecto,55.4925
81677.5,2,10000,H,Ecto,13600.5
81677.5,2,1000,H,Endo,48022.4
81677.5,2,10000,H,Endo,1.22046e+06
81677.5,2,100000,H,Endo,1694.52
81677.5,2,1000,O,Ecto,0.384847
81677.5,2,10000,O,Endo,127101
81677.5,2,1000,C,Ecto,2126.43
81677.5,2,10000,C,Ecto,1.02091
46438.6,2,100,H,Ecto,46861.1
46438.6,2,1000,H,Ecto,1.05542e+06
46438.6,2,10000,H,Ecto,3.53091e+06
46438.6,2,1000,H,Endo,4.54627e+07
46438.6,2,10000,H,Endo,283881
46438.6,2,100000,H,Endo,2.69623
46438.6,2,100,O,Ecto,151122
46438.6,2,1000,O,Ecto,556818
46438.6,2,10000,O,Ecto,103.862
46438.6,2,10000,O,Endo,7.42546e+06
46438.6,2,100,C,Ecto,2770.6
46438.6,2,1000,C,Ecto,214995
95218.5,2,1000,H,Ecto,145.996
95218.5,2,10000,H,Ecto,4534.94
95218.5,2,1000,H,Endo,29387.2
95218.5,2,10000,H,Endo,2.3938e+06
95218.5,2,100000,H,Endo,7.66814
95218.5,2,1000,O,Ecto,0.0568722
95218.5,2,10000,O,Endo,121430
95218.5,2,1000,C,Ecto,872.029
95218.5,2,10000,C,Ecto,2.4536
36331.3,2,1000,H,Ecto,1.62721e+07
36331.3,2,10000,H,Ecto,2.76778e+08
36331.3,2,1000,H,Endo,1.30585e+09
36331.3,2,10000,H,Endo,9.87722e+07
36331.3,2,100000,H,Endo,1270.63
36331.3,2,100,O,Ecto,1.39294e+06
36331.3,2,1000,O,Ecto,7.67817e+06
36331.3,2,10000,O,Ecto,1099.68
36331.3,2,10000,O,Endo,7.41628e+08
36331.3,2,100,C,Ecto,6267.04
36331.3,2,1000,C,Ecto,2.70193e+07
36331.3,2,10000,C,Ecto,16.0454
13366.5,2,100,H,Ecto,1.83986e+08
13366.5,2,1000,H,Ecto,7.9599e+07
13366.5,2,10000,H,Ecto,4.94854e+06
13366.5,2,1000,H,Endo,3.54046e+06
13366.5,2,10000,H,Endo,174016
13366.5,2,100,O,Ecto,1.66352e+08
13366.5,2,1000,O,Ecto,1.80503e+08
13366.5,2,10000,O,Ecto,1911.84
13366.5,2,100,C,Ecto,2.73726e+07
13366.5,2,1000,C,Ecto,1.59303e+07
13366.5,2,10000,C,Ecto,2.24887e+07
26760.3,2,100,H,Ecto,7195.25
26760.3,2,1000,H,Ecto,109536
26760.3,2,10000,H,Endo,1.07149e+07
26760.3,2,100,O,Ecto,756.919
26760.3,2,1000,O,Ecto,37156.2
26760.3,2,10000,O,Endo,8659.55
26760.3,2,1000,C,Ecto,2340.47
26760.3,2,10000,C,Ecto,30.5404
13726.8,2,100,H,Ecto,1.32745e+06
13726.8,2,1000,H,Ecto,157060
13726.8,2,10000,H,Endo,2.63458e+07
13726.8,2,100,O,Ecto,240390
13726.8,2,1000,O,Ecto,497872
13726.8,2,10000,O,Endo,8414.44
13726.8,2,100,C,Ecto,6.53477
13726.8,2,1000,C,Ecto,116282
13726.8,2,10000,C,Ecto,357.913
86412.5,2,10,H,Ecto,214466
86412.5,2,100,H,Ecto,2.50946e+07
86412.5,2,1000,H,Ecto,20805.5
86412.5,2,10000,H,Endo,80427.9
86412.5,2,100,O,Ecto,1.81294e+07
86412.5,2,1000,O,Ecto,1.32529e+07
86412.5,2,100,C,Ecto,1.41296e+06
86412.5,2,1000,C,Ecto,1.06673e+07
86412.5,2,10000,C,Ecto,24.3751
11768.1,2,100,H,Ecto,155.337
11768.1,2,1000,H,Ecto,7781.92
11768.1,2,1000,H,Endo,8374.46
11768.1,2,10000,H,Endo,14290.9
11768.1,2,100,O,Ecto,5.86944
11768.1,2,1000,O,Ecto,386.812
11768.1,2,10000,O,Endo,0.000114652
11768.1,2,100,C,Ecto,5.2698
11768.1,2,1000,C,Ecto,158.595
11768.1,2,10000,C,Ecto,0.0245618
13804.9,2,100,H,Ecto,3.96859e+06
13804.9,2,1000,H,Ecto,8.36714e+07
13804.9,2,1000,H,Endo,9.15905e+07
13804.9,2,10000,H,Endo,1.55009e+08
13804.9,2,100,O,Ecto,67874.5
13804.9,2,1000,O,Ecto,4.08006e+06
13804.9,2,10000,O,Endo,1.18201
13804.9,2,100,C,Ecto,59020.5
13804.9,2,1000,C,Ecto,1.63556e+06
13804.9,2,10000,C,Ecto,275.72
14188,2,100,H,Ecto,249689
14188,2,1000,H,Ecto,143115
14188,2,1000,H,Endo,11150.8
14188,2,10000,H,Endo,21825.1
14188,2,10,O,Ecto,1.64098
14188,2,100,O,Ecto,61183.4
14188,2,1000,O,Ecto,11.7171
14188,2,10000,O,Endo,0.00368343
14188,2,100,C,Ecto,11498.1
14188,2,1000,C,Ecto,34596.2
14188,2,10000,C,Ecto,11.8214
11629.8,2,100,H,Ecto,16105.8
11629.8,2,1000,H,Ecto,29417.5
11629.8,2,1000,H,Endo,5941.14
11629.8,2,10000,H,Endo,0.0608671
11629.8,2,100,O,Ecto,15660
11629.8,2,1000,O,Ecto,10.5089
11629.8,2,100,C,Ecto,0.496966
11629.8,2,1000,C,Ecto,108698
11629.8,2,10000,C,Ecto,2851.32
42122.5,2,100,H,Ecto,1.3343
42122.5,2,1000,H,Ecto,1240.28
42122.5,2,10000,H,Ecto,108.28
42122.5,2,1000,H,Endo,694.917
42122.5,2,10000,H,Endo,14488.5
42122.5,2,100,O,Ecto,0.363817
42122.5,2,1000,O,Ecto,0.268616
42122.5,2,10000,O,Endo,0.000466854
42122.5,2,1000,C,Ecto,30337.9
42122.5,2,10000,C,Ecto,82015.5
20481.9,2,100,H,Ecto,39922.1
20481.9,2,1000,H,Ecto,3.91494e+06
20481.9,2,10000,H,Ecto,3.50119
20481.9,2,1000,H,Endo,21930.9
20481.9,2,10000,H,Endo,13.3831
20481.9,2,100,O,Ecto,566865
20481.9,2,1000,O,Ecto,8.21179e+06
20481.9,2,10000,O,Ecto,32034.6
20481.9,2,100,C,Ecto,1.40323e-08
20481.9,2,1000,C,Ecto,226656
20481.9,2,10000,C,Ecto,3.53736e+06
20336.3,2,100,H,Ecto,417.83
20336.3,2,1000,H,Ecto,1219.16
20336.3,2,10000,H,Ecto,244.141
20336.3,2,1000,H,Endo,1828.44
20336.3,2,10000,H,Endo,6.44202
20336.3,2,100,O,Ecto,22.335
20336.3,2,1000,O,Ecto,4092.21
20336.3,2,10000,O,Ecto,4198.6
20336.3,2,10000,O,Endo,3.25753
20336.3,2,1000,C,Ecto,3089.33
20336.3,2,10000,C,Ecto,3892.05
11851.3,2,100,H,Ecto,42363.6
11851.3,2,1000,H,Ecto,1.64106e+06
11851.3,2,10000,H,Ecto,16.9213
11851.3,2,1000,H,Endo,29373.9
11851.3,2,10000,H,Endo,0.0504517
11851.3,2,100,O,Ecto,25451.8
11851.3,2,1000,O,Ecto,2.98793e+06
11851.3,2,10000,O,Ecto,20834.7
11851.3,2,1000,C,Ecto,151017
11851.3,2,10000,C,Ecto,1.60946e+06
21353.5,2,100,H,Ecto,10783
21353.5,2,1000,H,Ecto,1.89957e+06
21353.5,2,10000,H,Ecto,41556.3
21353.5,2,1000,H,Endo,466603
21353.5,2,10000,H,Endo,1622.79
21353.5,2,100,O,Ecto,4627.96
21353.5,2,1000,O,Ecto,450777
21353.5,2,10000,O,Ecto,14992.4
21353.5,2,10000,O,Endo,241487
21353.5,2,1000,C,Ecto,767007
21353.5,2,10000,C,Ecto,461473
21491.4,2,100,H,Ecto,265120
21491.4,2,1000,H,Ecto,1.37831e+06
21491.4,2,10000,H,Ecto,226632
21491.4,2,1000,H,Endo,139900
21491.4,2,10000,H,Endo,218.657
21491.4,2,100,O,Ecto,65149.6
21491.4,2,1000,O,Ecto,346192
21491.4,2,10000,O,Ecto,1488.61
21491.4,2,10000,O,Endo,22204.7
21491.4,2,100,C,Ecto,8854.35
21491.4,2,1000,C,Ecto,1.12541e+06
21491.4,2,10000,C,Ecto,52195.7
21353.5,2,100,H,Ecto,5.58057e+06
21353.5,2,1000,H,Ecto,6.40055e+06
21353.5,2,1000,H,Endo,1604.84
21353.5,2,10000,H,Endo,0.0189332
21353.5,2,100,O,Ecto,855036
21353.5,2,1000,O,Ecto,1.49571e+06
21353.5,2,100,C,Ecto,186771
21353.5,2,1000,C,Ecto,245717
21353.5,2,10000,C,Ecto,2.3555
39066.7,2,100,H,Ecto,4.04639e+06
39066.7,2,1000,H,Ecto,4.67868e+08
39066.7,2,10000,H,Ecto,7.00283e+06
39066.7,2,1000,H,Endo,7.79517e+07
39066.7,2,10000,H,Endo,5599.84
39066.7,2,100,O,Ecto,767812
39066.7,2,1000,O,Ecto,9.10498e+07
39066.7,2,10000,O,Ecto,2.33649e+06
39066.7,2,10000,O,Endo,3.59001e+07
39066.7,2,1000,C,Ecto,1.73879e+08
39066.7,2,10000,C,Ecto,7.45526e+07
6180.41,2,100,H,Ecto,1.0596e+06
6180.41,2,1000,H,Ecto,8.09412e+06
6180.41,2,10000,H,Ecto,2.75355
6180.41,2,1000,H,Endo,7.49992e+06
6180.41,2,10000,H,Endo,26.9409
6180.41,2,100,O,Ecto,2.05199e+06
6180.41,2,1000,O,Ecto,2.03595e+06
6180.41,2,100,C,Ecto,4.48987e+06
6180.41,2,1000,C,Ecto,5.30014e+06
6180.41,2,10000,C,Ecto,1914.91
50055.7,2,1000,H,Ecto,7.9294e+06
50055.7,2,10000,H,Ecto,4002.73
50055.7,2,1000,H,Endo,2.048e+07
50055.7,2,10000,H,Endo,7.70454e+07
50055.7,2,1000,O,Ecto,134154
50055.7,2,1000,O,Endo,222079
50055.7,2,10000,O,Endo,4265.5
50055.7,2,1000,C,Ecto,1.46918e+06
50055.7,2,10000,C,Ecto,71483.8
36541.3,2,100,H,Ecto,26705.1
36541.3,2,1000,H,Ecto,8.40749e+06
36541.3,2,10000,H,Ecto,75.4879
36541.3,2,1000,H,Endo,1.14327e+08
36541.3,2,10000,H,Endo,2.52849e+06
36541.3,2,1000,O,Ecto,173337
36541.3,2,1000,O,Endo,21230.9
36541.3,2,10000,O,Endo,0.0330948
36541.3,2,1000,C,Ecto,3.49628e+06
36541.3,2,10000,C,Ecto,2343.4
16467.6,2,100,H,Ecto,4654.94
16467.6,2,1000,H,Ecto,85689.8
16467.6,2,10000,H,Ecto,0.000107752
16467.6,2,1000,H,Endo,839420
16467.6,2,100,O,Ecto,1312.75
16467.6,2,1000,O,Ecto,6201.36
16467.6,2,1000,O,Endo,17.3812
16467.6,2,100,C,Ecto,8449.47
16467.6,2,1000,C,Ecto,27599.9
16467.6,2,10000,C,Ecto,11.1385
10913,2,100,H,Ecto,150368
10913,2,1000,H,Ecto,93921.1
10913,2,10000,H,Ecto,38.6852
10913,2,1000,H,Endo,564.23
10913,2,10000,H,Endo,1052.33
10913,2,100,O,Ecto,50145.4
10913,2,1000,O,Ecto,32327.6
10913,2,100,C,Ecto,22773.5
10913,2,1000,C,Ecto,19840.3
10913,2,10000,C,Ecto,6594.97
52842.6,2,100,H,Ecto,0.170668
52842.6,2,1000,H,Ecto,1521.22
52842.6,2,1000,H,Endo,78046.9
52842.6,2,10000,H,Endo,265068
52842.6,2,1000,O,Ecto,8764.91
52842.6,2,10000,O,Endo,0.00150217
52842.6,2,1000,C,Ecto,9372.25
16467.6,2,100,H,Ecto,685654
16467.6,2,1000,H,Ecto,3.75135e+07
16467.6,2,10000,H,Ecto,2.36846e+06
16467.6,2,1000,H,Endo,1.32542e+08
16467.6,2,10000,H,Endo,4.249e+07
16467.6,2,100,O,Ecto,9.6857e+06
16467.6,2,1000,O,Ecto,4.35929e+06
16467.6,2,100,C,Ecto,212596
16467.6,2,1000,C,Ecto,2.85329e+06
31195.6,2,100,H,Ecto,135818
31195.6,2,1000,H,Ecto,2.02774e+06
31195.6,2,10000,H,Ecto,281.186
31195.6,2,10000,H,Endo,1.17282e+06
31195.6,2,100000,H,Endo,0.0515895
31195.6,2,100,O,Ecto,154006
31195.6,2,1000,O,Ecto,500382
31195.6,2,10000,O,Ecto,8219.1
31195.6,2,10000,O,Endo,14185.3
31195.6,2,1000,C,Ecto,1.08015e+06
31195.6,2,10000,C,Ecto,1.34114e+06
16383.2,2,100,H,Ecto,543597
16383.2,2,1000,H,Ecto,1.03034e+06
16383.2,2,10000,H,Ecto,3181.24
16383.2,2,10000,H,Endo,79.3923
16383.2,2,10,O,Ecto,22.8211
16383.2,2,100,O,Ecto,35956.6
16383.2,2,1000,O,Ecto,148782
16383.2,2,1000,C,Ecto,372652
16383.2,2,10000,C,Ecto,620.96
57930.7,2,100,H,Ecto,1.7821e+06
57930.7,2,1000,H,Ecto,2.20502e+07
57930.7,2,10000,H,Ecto,8813.39
57930.7,2,10000,H,Endo,6.51703e+06
57930.7,2,100,O,Ecto,3.19816e+06
57930.7,2,1000,O,Ecto,5.49034e+06
57930.7,2,10000,O,Ecto,15986.4
57930.7,2,10000,O,Endo,2062.41
57930.7,2,1000,C,Ecto,1.53011e+07
57930.7,2,10000,C,Ecto,4.25278e+06
14969,2,100,H,Ecto,3355.16
14969,2,1000,H,Ecto,31617.8
14969,2,10000,H,Ecto,13.3914
14969,2,10000,H,Endo,2082.94
14969,2,100,O,Ecto,2743.61
14969,2,1000,O,Ecto,5176.64
14969,2,10000,O,Ecto,2.00344
14969,2,10000,O,Endo,0.23644
14969,2,1000,C,Ecto,11586.3
14969,2,10000,C,Ecto,1798.26
14701.7,2,100,H,Ecto,373178
14701.7,2,1000,H,Ecto,779927
14701.7,2,10000,H,Ecto,7470.02
14701.7,2,10000,H,Endo,740.28
14701.7,2,10,O,Ecto,1.5105
14701.7,2,100,O,Ecto,35886
14701.7,2,1000,O,Ecto,229466
14701.7,2,10000,O,Endo,0.00583993
14701.7,2,1000,C,Ecto,282436
14701.7,2,10000,C,Ecto,2092.55
10304.4,2,100,H,Ecto,292618
10304.4,2,1000,H,Ecto,1.20044e+06
10304.4,2,10000,H,Ecto,358.188
10304.4,2,10000,H,Endo,1513.62
10304.4,2,100,O,Ecto,39681.7
10304.4,2,1000,O,Ecto,211605
10304.4,2,10000,O,Ecto,0.140468
10304.4,2,10000,O,Endo,0.0164699
10304.4,2,1000,C,Ecto,232054
10304.4,2,10000,C,Ecto,5459.11
39617.1,2,100,H,Ecto,10.7968
39617.1,2,1000,H,Ecto,210.7
39617.1,2,10000,H,Endo,1232.27
39617.1,2,100000,H,Endo,0.0046034
39617.1,2,100,O,Ecto,17.417
39617.1,2,1000,O,Ecto,959.75
39617.1,2,10000,O,Ecto,33.4525
39617.1,2,10000,O,Endo,1270.91
39617.1,2,1000,C,Ecto,177.511
39617.1,2,10000,C,Ecto,7968.51
40748.5,2,100,H,Ecto,1.5874e+06
40748.5,2,1000,H,Ecto,3.86629e+07
40748.5,2,10000,H,Ecto,1.3083e+06
40748.5,2,1000,H,Endo,8.04696e+07
40748.5,2,10000,H,Endo,1.47931e+07
40748.5,2,100,O,Ecto,1.46655e+07
40748.5,2,1000,O,Ecto,4.61057e+06
40748.5,2,100,C,Ecto,570550
40748.5,2,1000,C,Ecto,4.50834e+06
49167.5,2,1000,H,Ecto,4.20081e+06
49167.5,2,10000,H,Ecto,652936
49167.5,2,1000,H,Endo,1.12014e+07
49167.5,2,10000,H,Endo,6.56062e+08
49167.5,2,100,O,Ecto,242.236
49167.5,2,1000,O,Ecto,1.24376e+07
49167.5,2,10000,O,Endo,8287.62
49167.5,2,100,C,Ecto,52.9855
49167.5,2,1000,C,Ecto,3.0126e+07
49167.5,2,10000,C,Ecto,121691
17088.6,2,100,H,Ecto,2.05843e+06
17088.6,2,1000,H,Ecto,7.37904e+06
17088.6,2,10000,H,Ecto,10307.3
17088.6,2,1000,H,Endo,1.1115e+07
17088.6,2,10000,H,Endo,6.7122e+06
17088.6,2,100,O,Ecto,75032.7
17088.6,2,1000,O,Ecto,2.37109e+06
17088.6,2,100,C,Ecto,126.431
17088.6,2,1000,C,Ecto,2.07162e+06
17088.6,2,10000,C,Ecto,14358.9
17396.4,2,100,H,Ecto,349772
17396.4,2,1000,H,Ecto,2.77944e+07
17396.4,2,10000,H,Ecto,1058.67
17396.4,2,10000,H,Endo,2.71747e+07
17396.4,2,100,O,Ecto,7.52074
17396.4,2,1000,O,Ecto,1.23784e+06
17396.4,2,10000,O,Ecto,154396
17396.4,2,100,C,Ecto,0.0632104
17396.4,2,1000,C,Ecto,19774.8
17396.4,2,10000,C,Ecto,5058.11
50493.5,2,100,H,Ecto,380772
50493.5,2,1000,H,Ecto,2.90825e+07
50493.5,2,10000,H,Ecto,1254.85
50493.5,2,10000,H,Endo,2.75989e+07
50493.5,2,100,O,Ecto,8.07777
50493.5,2,1000,O,Ecto,1.41994e+06
50493.5,2,10000,O,Ecto,176134
50493.5,2,100,C,Ecto,0.0691449
50493.5,2,1000,C,Ecto,22954.6
50493.5,2,10000,C,Ecto,5993.65
90770.2,2,100,H,Ecto,1025.35
90770.2,2,1000,H,Ecto,63803.9
90770.2,2,10000,H,Ecto,1.95962
90770.2,2,10000,H,Endo,63262.2
90770.2,2,100,O,Ecto,0.0227188
90770.2,2,1000,O,Ecto,2952.47
90770.2,2,10000,O,Ecto,370.662
90770.2,2,100,C,Ecto,0.000174448
90770.2,2,1000,C,Ecto,39.6884
90770.2,2,10000,C,Ecto,6.4712
45688.2,2,100,H,Ecto,42420
45688.2,2,1000,H,Ecto,184325
45688.2,2,10000,H,Ecto,745.025
45688.2,2,1000,H,Endo,682104
45688.2,2,10000,H,Endo,503746
45688.2,2,100,O,Ecto,67.8788
45688.2,2,1000,O,Ecto,99782.5
45688.2,2,100,C,Ecto,3.40289
45688.2,2,1000,C,Ecto,103619
45688.2,2,10000,C,Ecto,766.729
36331.3,2,1000,H,Ecto,279426
36331.3,2,10000,H,Ecto,646.893
36331.3,2,1000,H,Endo,5.21007e+06
36331.3,2,10000,H,Endo,2.76902e+06
36331.3,2,100000,H,Endo,8807.44
36331.3,2,100,O,Ecto,3586.1
36331.3,2,1000,O,Ecto,226014
36331.3,2,10000,O,Ecto,310.421
36331.3,2,1000,C,Ecto,708.886
36331.3,2,10000,C,Ecto,9.65648
50850.8,2,1000,H,Ecto,231725
50850.8,2,10000,H,Ecto,7563.39
50850.8,2,1000,H,Endo,5.55465e+06
50850.8,2,10000,H,Endo,167765
50850.8,2,100000,H,Endo,57036.9
50850.8,2,1000,O,Ecto,173757
50850.8,2,10000,O,Ecto,1360.94
50850.8,2,10000,O,Endo,0.0730504
50850.8,2,1000,C,Ecto,77.4133
50850.8,2,10000,C,Ecto,4.89519
29036.1,2,100,H,Ecto,5723.99
29036.1,2,1000,H,Ecto,5911.79
29036.1,2,10000,H,Ecto,0.0245924
29036.1,2,1000,H,Endo,306294
29036.1,2,10000,H,Endo,4728.92
29036.1,2,1000,O,Ecto,3.18996e+07
29036.1,2,10000,O,Ecto,0.24276
29036.1,2,1000,O,Endo,162.502
29036.1,2,10000,O,Endo,1.87709
29036.1,2,100,C,Ecto,3909.58
29036.1,2,1000,C,Ecto,495270
29036.1,2,10000,C,Ecto,4782.42
20355.1,2,100,H,Ecto,8350.71
20355.1,2,1000,H,Ecto,996.755
20355.1,2,10000,H,Ecto,0.000472506
20355.1,2,1000,H,Endo,12414.1
20355.1,2,10000,H,Endo,231.36
20355.1,2,100,O,Ecto,495.442
20355.1,2,1000,O,Ecto,6.97303e+06
20355.1,2,10000,O,Ecto,0.00846533
20355.1,2,1000,O,Endo,202.345
20355.1,2,10000,O,Endo,7.23403e-06
20355.1,2,100,C,Ecto,6366.11
20355.1,2,1000,C,Ecto,183489
20355.1,2,10000,C,Ecto,272.629
14117.7,2,100,H,Ecto,796.692
14117.7,2,1000,H,Ecto,20.7379
14117.7,2,10000,H,Endo,0.0252779
14117.7,2,100,O,Ecto,348.653
14117.7,2,1000,O,Ecto,14908.5
14117.7,2,10000,O,Ecto,0.0853719
14117.7,2,1000,O,Endo,1.80892
14117.7,2,100,C,Ecto,652.841
14117.7,2,1000,C,Ecto,652.276
14117.7,2,10000,C,Ecto,8.37777
8043.63,2,10,H,Ecto,89807.3
8043.63,2,100,H,Ecto,759019
8043.63,2,1000,H,Ecto,1.04477e+06
8043.63,2,10,O,Ecto,103004
8043.63,2,100,O,Ecto,1.46028e+06
8043.63,2,1000,O,Ecto,177183
8043.63,2,10000,O,Ecto,4.37648
8043.63,2,100,C,Ecto,486078
8043.63,2,1000,C,Ecto,21665.5
8043.63,2,10000,C,Ecto,0.0656088
16970,2,100,H,Ecto,1762.37
16970,2,1000,H,Ecto,128.648
16970,2,10000,H,Ecto,1.36113e-05
16970,2,1000,H,Endo,347.893
16970,2,10000,H,Endo,43.8938
16970,2,100,O,Ecto,548.356
16970,2,1000,O,Ecto,499508
16970,2,10000,O,Ecto,0.0683236
16970,2,1000,O,Endo,18.0085
16970,2,10000,O,Endo,1.34635e-07
16970,2,100,C,Ecto,1355.73
16970,2,1000,C,Ecto,17565.4
16970,2,10000,C,Ecto,26.7502
44357.3,2,100,H,Ecto,2.53411e+06
44357.3,2,1000,H,Ecto,6.57764e+07
44357.3,2,1000,H,Endo,69184.7
44357.3,2,10000,H,Endo,8.12138e+07
44357.3,2,100,O,Ecto,1018.45
44357.3,2,1000,O,Ecto,6.52738e+07
44357.3,2,10000,O,Endo,4738.43
44357.3,2,100,C,Ecto,1.92842e+06
44357.3,2,1000,C,Ecto,5.23532e+06
44357.3,2,10000,C,Ecto,2.08164e+07
96521.6,2,100,H,Ecto,1.2831e+06
96521.6,2,1000,H,Ecto,7.70592e+06
96521.6,2,1000,H,Endo,5946.49
96521.6,2,10000,H,Endo,4.43634e+06
96521.6,2,100,O,Ecto,711.129
96521.6,2,1000,O,Ecto,4.14293e+06
96521.6,2,100,C,Ecto,410044
96521.6,2,1000,C,Ecto,612532
96521.6,2,10000,C,Ecto,4.00774e+06
7433,2,100,H,Ecto,62093.4
7433,2,1000,H,Ecto,1448.05
7433,2,1000,H,Endo,0.000226519
7433,2,10000,H,Endo,198.255
7433,2,100,O,Ecto,19622.2
7433,2,1000,O,Ecto,11598.8
7433,2,10000,O,Ecto,48.1743
7433,2,1000,C,Ecto,8386.56
7433,2,10000,C,Ecto,3.36772
78137.1,2,1000,H,Ecto,1671.95
78137.1,2,1000,H,Endo,0.000922724
78137.1,2,10000,H,Endo,481.824
78137.1,2,1000,O,Ecto,56.8436
78137.1,2,10000,O,Ecto,24.1232
78137.1,2,10000,O,Endo,0.000101821
78137.1,2,10000,C,Ecto,0.251425
45167.9,2,1000,H,Ecto,25113.4
45167.9,2,10000,H,Ecto,137.495
45167.9,2,1000,H,Endo,226.084
45167.9,2,10000,H,Endo,110.983
45167.9,2,1000,O,Ecto,454.159
45167.9,2,10000,O,Ecto,8.24221
45167.9,2,10000,O,Endo,0.00150683
45167.9,2,1000,C,Ecto,0.548687
45167.9,2,10000,C,Ecto,0.443118
10984.6,2,10,H,Ecto,500.263
10984.6,2,100,H,Ecto,22788.3
10984.6,2,1000,H,Ecto,8140.96
10984.6,2,10000,H,Ecto,0.730126
10984.6,2,1000,H,Endo,31.493
10984.6,2,100,O,Ecto,8449.79
10984.6,2,1000,O,Ecto,2939.1
10984.6,2,10000,O,Ecto,12826.8
10984.6,2,100,C,Ecto,98.8802
10984.6,2,1000,C,Ecto,11183.9
86735.6,2,1000,H,Ecto,8.11318e+06
86735.6,2,1000,H,Endo,1.97035e+07
86735.6,2,10000,H,Endo,2.05982e+07
86735.6,2,100000,H,Endo,1.98829e+07
86735.6,2,1000,O,Ecto,85.3468
86735.6,2,10000,O,Ecto,4.8678e+07
86735.6,2,10000,O,Endo,0.0139962
86735.6,2,1000,C,Ecto,2.18801e+06
86735.6,2,10000,C,Ecto,33.0913
41728.5,2,100,H,Ecto,0.313203
41728.5,2,1000,H,Ecto,12873.6
41728.5,2,1000,H,Endo,18073.1
41728.5,2,10000,H,Endo,5151.57
41728.5,2,100000,H,Endo,298.588
41728.5,2,100,O,Ecto,1.70779
41728.5,2,1000,O,Ecto,447.03
41728.5,2,10000,O,Ecto,8366.29
41728.5,2,1000,C,Ecto,4079.63
41728.5,2,10000,C,Ecto,0.00474001
42937.8,2,100,H,Ecto,113.426
42937.8,2,1000,H,Ecto,9.85945e+06
42937.8,2,10000,H,Ecto,23.2845
42937.8,2,1000,H,Endo,4.60254e+06
42937.8,2,10000,H,Endo,5.95652e+07
42937.8,2,100000,H,Endo,24791
42937.8,2,1000,O,Ecto,2.17695e+06
42937.8,2,10000,O,Endo,3.44999e+07
42937.8,2,1000,C,Ecto,1.72838e+07
42937.8,2,10000,C,Ecto,57186.3
49544.3,2,10,H,Ecto,7056.32
49544.3,2,100,H,Ecto,5.5053e+06
49544.3,2,1000,H,Ecto,662540
49544.3,2,1000,H,Endo,296291
49544.3,2,10000,H,Endo,7053.35
49544.3,2,10,O,Ecto,0.468346
49544.3,2,100,O,Ecto,386889
49544.3,2,1000,O,Ecto,8.67798e+06
49544.3,2,100,C,Ecto,0.0453776
49544.3,2,1000,C,Ecto,6.85913e+06
49544.3,2,10000,C,Ecto,10145.9
86735.6,2,100,H,Ecto,1.75475e+06
86735.6,2,1000,H,Ecto,3.21925e+08
86735.6,2,1000,H,Endo,5.16534e+08
86735.6,2,10000,H,Endo,927082
86735.6,2,100,O,Ecto,17081.1
86735.6,2,1000,O,Ecto,5.74134e+07
86735.6,2,10000,O,Endo,1.87204e+06
86735.6,2,100,C,Ecto,0.00291677
86735.6,2,1000,C,Ecto,1.25441e+09
32610.7,2,100,H,Ecto,7784.64
32610.7,2,1000,H,Ecto,1.70111e+06
32610.7,2,10000,H,Ecto,1.54882
32610.7,2,1000,H,Endo,1.09849e+08
32610.7,2,10000,H,Endo,5.79133e+07
32610.7,2,100,O,Ecto,25.5995
32610.7,2,1000,O,Ecto,2.55058e+06
32610.7,2,10000,O,Ecto,19.3582
32610.7,2,10000,O,Endo,0.852121
32610.7,2,100,C,Ecto,5.93664
32610.7,2,1000,C,Ecto,203091
32610.7,2,10000,C,Ecto,52517.5
37631,2,100,H,Ecto,264923
37631,2,1000,H,Ecto,593900
37631,2,10000,H,Ecto,0.000800706
37631,2,1000,H,Endo,1.62017e+06
37631,2,10000,H,Endo,148135
37631,2,100,O,Ecto,700.946
37631,2,1000,O,Ecto,415618
37631,2,10000,O,Ecto,109.28
37631,2,100,C,Ecto,8.718
37631,2,1000,C,Ecto,854094
37631,2,10000,C,Ecto,60704.6
20336.3,2,100,H,Ecto,89200.9
20336.3,2,1000,H,Ecto,6.91507e+06
20336.3,2,1000,H,Endo,1.32186e+07
20336.3,2,10000,H,Endo,36488.4
20336.3,2,100,O,Ecto,907.648
20336.3,2,1000,O,Ecto,2.51351e+06
20336.3,2,10000,O,Endo,80065.1
20336.3,2,100,C,Ecto,0.000159181
20336.3,2,1000,C,Ecto,1.67866e+07
19129,2,100,H,Ecto,4.49439e+06
19129,2,1000,H,Ecto,7.00867e+06
19129,2,1000,H,Endo,149948
19129,2,10000,H,Endo,2.37521e+07
19129,2,100,O,Ecto,129371
19129,2,1000,O,Ecto,657850
19129,2,10000,O,Endo,3.84735e-16
19129,2,100,C,Ecto,45.6207
19129,2,1000,C,Ecto,163805
19129,2,10000,C,Ecto,1591.85
36860.8,2,100,H,Ecto,955698
36860.8,2,1000,H,Ecto,3.13e+06
36860.8,2,1000,H,Endo,5220.28
36860.8,2,10000,H,Endo,2.98073e+07
36860.8,2,100,O,Ecto,75203.2
36860.8,2,1000,O,Ecto,434451
36860.8,2,10000,O,Endo,1.06463e-16
36860.8,2,100,C,Ecto,9.74028
36860.8,2,1000,C,Ecto,145981
36860.8,2,10000,C,Ecto,4017.1
32507.9,2,100,H,Ecto,1.57183e+07
32507.9,2,1000,H,Ecto,2.94229e+07
32507.9,2,1000,H,Endo,802234
32507.9,2,10000,H,Endo,8.29105e+07
32507.9,2,100,O,Ecto,1.00824e+06
32507.9,2,1000,O,Ecto,3.99205e+06
32507.9,2,10000,O,Endo,7.67131e-05
32507.9,2,100,C,Ecto,218.397
32507.9,2,1000,C,Ecto,730008
32507.9,2,10000,C,Ecto,9069.23
10726.8,2,100,H,Ecto,1.1143e+07
10726.8,2,1000,H,Ecto,1.08516e+08
10726.8,2,1000,H,Endo,3.58233e+06
10726.8,2,10000,H,Endo,2.80187e+06
10726.8,2,100,O,Ecto,5.32374e+06
10726.8,2,1000,O,Ecto,2.81344e+06
10726.8,2,100,C,Ecto,68313.7
10726.8,2,1000,C,Ecto,605251
10726.8,2,10000,C,Ecto,2.84962e+07
46615.2,2,100,H,Ecto,1.60241
46615.2,2,1000,H,Ecto,398577
46615.2,2,10000,H,Ecto,29.8088
46615.2,2,1000,H,Endo,1.29461e+06
46615.2,2,10000,H,Endo,491532
46615.2,2,100,O,Ecto,4.11953
46615.2,2,1000,O,Ecto,164097
46615.2,2,10000,O,Ecto,0.0150984
46615.2,2,1000,C,Ecto,261278
46615.2,2,10000,C,Ecto,445967
47602.8,2,100,H,Ecto,34326.3
47602.8,2,1000,H,Ecto,450932
47602.8,2,10000,H,Ecto,2586.87
47602.8,2,1000,H,Endo,1.12534e+08
47602.8,2,10000,H,Endo,2.54215e+08
47602.8,2,100,O,Ecto,15784.3
47602.8,2,1000,O,Ecto,2.66559e+07
47602.8,2,100,C,Ecto,64965
47602.8,2,1000,C,Ecto,3.75974e+07
47602.8,2,10000,C,Ecto,2.67978e+06
18034.8,2,100,H,Ecto,4.63821e+06
18034.8,2,1000,H,Ecto,2.19771e+07
18034.8,2,1000,H,Endo,1.44808e+07
18034.8,2,10000,H,Endo,33799.6
18034.8,2,100,O,Ecto,733939
18034.8,2,1000,O,Ecto,555393
18034.8,2,10000,O,Ecto,197.371
18034.8,2,100,C,Ecto,1886.81
18034.8,2,1000,C,Ecto,3.62578e+06
18034.8,2,10000,C,Ecto,262246
55197.7,2,1000,H,Ecto,1.98196e+06
55197.7,2,1000,H,Endo,8.65981e+06
55197.7,2,10000,H,Endo,4.25681e+06
55197.7,2,100000,H,Endo,2.54412
55197.7,2,1000,O,Ecto,97780.7
55197.7,2,10000,O,Ecto,15302.9
55197.7,2,10000,O,Endo,442289
55197.7,2,100,C,Ecto,1.62919
55197.7,2,1000,C,Ecto,131486
55197.7,2,10000,C,Ecto,14553.3
22809.6,2,100,H,Ecto,835.833
22809.6,2,1000,H,Ecto,164874
22809.6,2,1000,H,Endo,799978
22809.6,2,10000,H,Endo,86301.8
22809.6,2,100,O,Ecto,0.00776966
22809.6,2,1000,O,Ecto,17919
22809.6,2,10000,O,Ecto,162.031
22809.6,2,10000,O,Endo,20.1831
22809.6,2,100,C,Ecto,6.1474
22809.6,2,1000,C,Ecto,4070.12
22809.6,2,10000,C,Ecto,67.0183
16970,2,10,H,Ecto,76492.5
16970,2,100,H,Ecto,7.66382e+06
16970,2,1000,H,Ecto,2.63387e+06
16970,2,10000,H,Ecto,92.6021
16970,2,1000,H,Endo,22.4493
16970,2,10000,H,Endo,0.00217147
16970,2,10,O,Ecto,43110.6
16970,2,100,O,Ecto,1.11253e+07
16970,2,1000,O,Ecto,6.40046e+06
16970,2,10000,O,Ecto,0.0215323
16970,2,100,C,Ecto,301966
16970,2,1000,C,Ecto,779436
16970,2,10000,C,Ecto,158.148
41349,2,1000,H,Ecto,1.56717e+07
41349,2,1000,H,Endo,1.11057e+06
41349,2,10000,H,Endo,8.06417e+07
41349,2,100000,H,Endo,13267.9
41349,2,100,O,Ecto,2.63665
41349,2,1000,O,Ecto,319030
41349,2,10000,O,Ecto,0.0427517
41349,2,10000,O,Endo,14961.7
41349,2,1000,C,Ecto,93489.8
41349,2,10000,C,Ecto,31.5269
82256,2,1000,H,Ecto,7.94915e+06
82256,2,1000,H,Endo,4349.86
82256,2,10000,H,Endo,1.39722e+08
82256,2,100000,H,Endo,1.59885e+06
82256,2,1000,O,Ecto,633.056
82256,2,10000,O,Ecto,4.61595
82256,2,10000,O,Endo,27725
82256,2,1000,C,Ecto,394372
82256,2,10000,C,Ecto,3.84751
83688.8,2,100,H,Ecto,863608
83688.8,2,1000,H,Ecto,3.19169e+06
83688.8,2,10000,H,Ecto,95409.8
83688.8,2,1000,H,Endo,80467.1
83688.8,2,10000,H,Endo,2.99876e+06
83688.8,2,100,O,Ecto,397733
83688.8,2,1000,O,Ecto,8.97965e+06
83688.8,2,10000,O,Ecto,0.480011
83688.8,2,10000,O,Endo,174043
83688.8,2,100,C,Ecto,86075.7
83688.8,2,1000,C,Ecto,1.80839e+06
83688.8,2,10000,C,Ecto,9557.8
89909.9,2,100,H,Ecto,184805
89909.9,2,1000,H,Ecto,3.88925e+06
89909.9,2,10000,H,Ecto,1040.41
89909.9,2,1000,H,Endo,351486
89909.9,2,10000,H,Endo,1.64425e+07
89909.9,2,100,O,Ecto,24316.6
89909.9,2,1000,O,Ecto,4.30773e+06
89909.9,2,10000,O,Ecto,0.282533
89909.9,2,10000,O,Endo,134060
89909.9,2,100,C,Ecto,10352.6
89909.9,2,1000,C,Ecto,497527
89909.9,2,10000,C,Ecto,387.244
14958.7,2,100,H,Ecto,1.32515e+06
14958.7,2,1000,H,Ecto,1.83303e+07
14958.7,2,1000,H,Endo,1.74151e+08
14958.7,2,10000,H,Endo,5.95127e+07
14958.7,2,100,O,Ecto,252017
14958.7,2,1000,O,Ecto,3.8314e+06
14958.7,2,10000,O,Ecto,19863
14958.7,2,100,C,Ecto,77343.7
14958.7,2,1000,C,Ecto,2.36599e+07
14958.7,2,10000,C,Ecto,2.65202e+06
41475.9,2,1000,H,Ecto,3.54557e+06
41475.9,2,1000,H,Endo,6.62659e+06
41475.9,2,10000,H,Endo,4.12267e+07
41475.9,2,100,O,Ecto,14.9261
41475.9,2,1000,O,Ecto,142003
41475.9,2,10000,O,Ecto,263130
41475.9,2,10000,O,Endo,82204.8
41475.9,2,1000,C,Ecto,2.03713e+06
41475.9,2,10000,C,Ecto,137579
47706.7,2,1000,H,Ecto,4235.12
47706.7,2,1000,H,Endo,7893.14
47706.7,2,10000,H,Endo,105723
47706.7,2,1000,O,Ecto,129.694
47706.7,2,10000,O,Ecto,1076.29
47706.7,2,10000,O,Endo,764.798
47706.7,2,1000,C,Ecto,4032.79
47706.7,2,10000,C,Ecto,18.5173
10298.8,2,100,H,Ecto,808.292
10298.8,2,1000,H,Ecto,8520.01
10298.8,2,10000,H,Ecto,0.0787579
10298.8,2,1000,H,Endo,318.386
10298.8,2,10000,H,Endo,3241.66
10298.8,2,100000,H,Endo,0.00116815
10298.8,2,100,O,Ecto,8294.23
10298.8,2,1000,O,Ecto,8731.74
10298.8,2,10000,O,Ecto,3485.25
10298.8,2,10000,O,Endo,114.642
10298.8,2,100,C,Ecto,2.58154e-05
10298.8,2,1000,C,Ecto,3549.8
10298.8,2,10000,C,Ecto,10285.8
13174,2,100,H,Ecto,5877.22
13174,2,1000,H,Ecto,1.67331e+06
13174,2,1000,H,Endo,79500.7
13174,2,10000,H,Endo,590484
13174,2,100000,H,Endo,0.343782
13174,2,100,O,Ecto,15165.1
13174,2,1000,O,Ecto,1049.5
13174,2,10000,O,Ecto,10210.5
13174,2,1000,O,Endo,739.329
13174,2,100,C,Ecto,33260.6
13174,2,1000,C,Ecto,2.5972e+06
13174,2,10000,C,Ecto,697868
44357.3,2,1000,H,Ecto,29056.2
44357.3,2,10000,H,Ecto,0.109739
44357.3,2,1000,H,Endo,2.6888e+07
44357.3,2,10000,H,Endo,1.73521e+06
44357.3,2,100000,H,Endo,23008.9
44357.3,2,1000,O,Ecto,41.0016
44357.3,2,10000,O,Ecto,431.353
44357.3,2,1000,O,Endo,30160.6
44357.3,2,10000,O,Endo,65.7998
44357.3,2,1000,C,Ecto,224845
44357.3,2,10000,C,Ecto,646295
59799.3,2,1000,H,Ecto,772.202
59799.3,2,10000,H,Ecto,0.0174612
59799.3,2,1000,H,Endo,2.32755e+06
59799.3,2,10000,H,Endo,242659
59799.3,2,100000,H,Endo,1.52025
59799.3,2,1000,O,Ecto,1.37448
59799.3,2,10000,O,Ecto,14.3564
59799.3,2,1000,O,Endo,2102.7
59799.3,2,10000,O,Endo,8.70823
59799.3,2,1000,C,Ecto,8072.42
59799.3,2,10000,C,Ecto,39402.4
7912.9,2,100,H,Ecto,775191
7912.9,2,1000,H,Ecto,6.77332e+06
7912.9,2,1000,H,Endo,271.938
7912.9,2,10000,H,Endo,92629.9
7912.9,2,100,O,Ecto,772240
7912.9,2,1000,O,Ecto,52007.3
7912.9,2,10000,O,Ecto,3181.7
7912.9,2,100,C,Ecto,2.19468e+06
7912.9,2,1000,C,Ecto,532875
7912.9,2,10000,C,Ecto,1.02637e+06
23675.9,2,100,H,Ecto,3.90184e-07
23675.9,2,1000,H,Ecto,249866
23675.9,2,10000,H,Ecto,56.7274
23675.9,2,100,O,Ecto,21.6318
23675.9,2,1000,O,Ecto,51980.3
23675.9,2,10000,O,Endo,8.85996
23675.9,2,100,C,Ecto,0.0134038
23675.9,2,1000,C,Ecto,215.304
25521.3,2,10,H,Ecto,190106
25521.3,2,100,H,Ecto,1.04741e+06
25521.3,2,1000,H,Ecto,240680
25521.3,2,10,O,Ecto,332393
25521.3,2,100,O,Ecto,1.22652e+06
25521.3,2,1000,O,Ecto,309944
25521.3,2,100,C,Ecto,1082.97
25521.3,2,1000,C,Ecto,102.749
38881,2,100,H,Ecto,8.71477e-08
38881,2,1000,H,Ecto,806673
38881,2,10000,H,Ecto,93.3757
38881,2,100,O,Ecto,3.78873
38881,2,1000,O,Ecto,35056.8
38881,2,10000,O,Endo,1.86557
38881,2,1000,C,Ecto,416.089
38881,2,10000,C,Ecto,6.76791
79807.9,2,100,H,Ecto,2.34717e+06
79807.9,2,1000,H,Ecto,2.14863e+06
79807.9,2,10000,H,Ecto,1.38783e+06
79807.9,2,1000,H,Endo,51260.8
79807.9,2,10000,H,Endo,2706.41
79807.9,2,100,O,Ecto,1.09246e+06
79807.9,2,1000,O,Ecto,2.52191e+06
79807.9,2,10000,O,Ecto,0.156625
79807.9,2,10000,O,Endo,25.676
79807.9,2,1000,C,Ecto,2.6579e+06
79807.9,2,10000,C,Ecto,1.31224e+06
48211.8,2,100,H,Ecto,3.32526e+06
48211.8,2,1000,H,Ecto,1.33657e+07
48211.8,2,10000,H,Ecto,546377
48211.8,2,10,O,Ecto,23634.5
48211.8,2,100,O,Ecto,8.98136e+06
48211.8,2,1000,O,Ecto,115114
48211.8,2,1000,C,Ecto,6.32818e+06
48211.8,2,10000,C,Ecto,973442
94902.2,2,1000,H,Ecto,18992.8
94902.2,2,1000,H,Endo,167442
94902.2,2,10000,H,Endo,323788
94902.2,2,100000,H,Endo,1.08032e+07
94902.2,2,1000,O,Ecto,2.64334e+06
94902.2,2,10000,O,Ecto,0.713762
94902.2,2,10000,O,Endo,1664.37
94902.2,2,1000,C,Ecto,1217.92
94902.2,2,10000,C,Ecto,235.17
37032,2,100,H,Ecto,194755
37032,2,1000,H,Ecto,3.8214e+06
37032,2,10000,H,Ecto,531342
37032,2,10000,H,Endo,2.40498
37032,2,100,O,Ecto,2078.78
37032,2,1000,O,Ecto,73336.6
37032,2,1000,C,Ecto,18355
37032,2,10000,C,Ecto,13.4191
7007.68,2,100,H,Ecto,293889
7007.68,2,1000,H,Ecto,57719.4
7007.68,2,10000,H,Ecto,220547
7007.68,2,1000,H,Endo,66891.9
7007.68,2,10000,H,Endo,15047.3
7007.68,2,100,O,Ecto,22799.6
7007.68,2,1000,O,Ecto,581218
7007.68,2,1000,O,Endo,2968.08
7007.68,2,100,C,Ecto,38209.1
7007.68,2,1000,C,Ecto,866518
7007.68,2,10000,C,Ecto,39519
13766.7,2,100,H,Ecto,550248
13766.7,2,1000,H,Ecto,970920
13766.7,2,10000,H,Ecto,110442
13766.7,2,1000,H,Endo,2.73548e+06
13766.7,2,10000,H,Endo,262008
13766.7,2,100,O,Ecto,18215.3
13766.7,2,1000,O,Ecto,587893
13766.7,2,1000,O,Endo,919155
13766.7,2,100,C,Ecto,2047.77
13766.7,2,1000,C,Ecto,1.27975e+06
13766.7,2,10000,C,Ecto,4.69604e+06
19105.5,2,100,H,Ecto,1.42193e+07
19105.5,2,1000,H,Ecto,1.63553e+07
19105.5,2,10000,H,Ecto,1.72471e+06
19105.5,2,1000,H,Endo,4.9965e+07
19105.5,2,10000,H,Endo,6.51123e+06
19105.5,2,100,O,Ecto,574135
19105.5,2,1000,O,Ecto,1.23775e+07
19105.5,2,1000,O,Endo,1.15698e+07
19105.5,2,100,C,Ecto,1218.62
19105.5,2,1000,C,Ecto,2.62327e+07
19105.5,2,10000,C,Ecto,6.83568e+07
7116.34,2,10,H,Ecto,392001
7116.34,2,100,H,Ecto,2.21788e+07
7116.34,2,1000,H,Ecto,2.36139e+06
7116.34,2,10000,H,Ecto,1.92898e+07
7116.34,2,1000,H,Endo,333244
7116.34,2,10000,H,Endo,187195
7116.34,2,10,O,Ecto,53561.9
7116.34,2,100,O,Ecto,7.57007e+06
7116.34,2,1000,O,Ecto,2.95527e+07
7116.34,2,100,C,Ecto,2.6139e+07
7116.34,2,1000,C,Ecto,1.42485e+08
7116.34,2,10000,C,Ecto,23655.6
96462,2,1000,H,Ecto,7.92636e+06
96462,2,1000,H,Endo,2.42045e+06
96462,2,10000,H,Endo,2.76134e+07
96462,2,1000,O,Ecto,2.55227e+07
96462,2,1000,O,Endo,5.19621e+07
96462,2,10000,O,Endo,1.25539e+08
96462,2,1000,C,Ecto,2.52945e+06
96462,2,10000,C,Ecto,2.90455e+07
45093.7,2,100,H,Ecto,7.18289e-09
45093.7,2,1000,H,Ecto,40191.7
45093.7,2,10000,H,Ecto,952.083
45093.7,2,1000,H,Endo,29640.7
45093.7,2,10000,H,Endo,70077.1
45093.7,2,100000,H,Endo,5577.19
45093.7,2,1000,O,Ecto,29.3035
45093.7,2,10000,O,Endo,104.463
45093.7,2,1000,C,Ecto,17278.1
45093.7,2,10000,C,Ecto,175.561
67616.4,2,100,H,Ecto,1129.45
67616.4,2,1000,H,Ecto,4.82687e+07
67616.4,2,10000,H,Ecto,3.53677e+06
67616.4,2,1000,H,Endo,981416
67616.4,2,10000,H,Endo,9.91398e+07
67616.4,2,100000,H,Endo,8.82503e+06
67616.4,2,100,O,Ecto,3390.28
67616.4,2,1000,O,Ecto,223286
67616.4,2,10000,O,Endo,31850.8
67616.4,2,1000,C,Ecto,2.58032e+07
67616.4,2,10000,C,Ecto,14028.1
94562.4,2,100,H,Ecto,60212.6
94562.4,2,1000,H,Ecto,299160
94562.4,2,10000,H,Ecto,90186.7
94562.4,2,1000,H,Endo,702.095
94562.4,2,10000,H,Endo,4.2419e+07
94562.4,2,100000,H,Endo,33356.8
94562.4,2,100,O,Ecto,44362.2
94562.4,2,1000,O,Ecto,375348
94562.4,2,10000,O,Endo,0.000621201
94562.4,2,100,C,Ecto,3.44212
94562.4,2,1000,C,Ecto,1.53357e+06
94562.4,2,10000,C,Ecto,669.552
22966.4,2,100,H,Ecto,236153
22966.4,2,1000,H,Ecto,660324
22966.4,2,1000,H,Endo,871365
22966.4,2,10000,H,Endo,4217.87
22966.4,2,100,O,Ecto,9456.5
22966.4,2,1000,O,Ecto,55251.4
22966.4,2,10000,O,Ecto,1429.26
22966.4,2,10000,O,Endo,469.222
22966.4,2,100,C,Ecto,2538.69
22966.4,2,1000,C,Ecto,0.120872
22966.4,2,10000,C,Ecto,55464.9
44664.3,2,100,H,Ecto,22673.8
44664.3,2,1000,H,Ecto,165829
44664.3,2,1000,H,Endo,473256
44664.3,2,10000,H,Endo,306.706
44664.3,2,100,O,Ecto,3401.55
44664.3,2,1000,O,Ecto,14385.1
44664.3,2,10000,O,Ecto,1018.88
44664.3,2,10000,O,Endo,21.5937
44664.3,2,100,C,Ecto,383.114
44664.3,2,1000,C,Ecto,0.0358509
44664.3,2,10000,C,Ecto,26545.5
23374.5,2,100,H,Ecto,1.18623e+06
23374.5,2,1000,H,Ecto,3.63882e+06
23374.5,2,1000,H,Endo,1.25134e+07
23374.5,2,10000,H,Endo,28.6617
23374.5,2,100,O,Ecto,376358
23374.5,2,1000,O,Ecto,113705
23374.5,2,10000,O,Ecto,1150.88
23374.5,2,100,C,Ecto,103190
23374.5,2,1000,C,Ecto,0.0867937
23374.5,2,10000,C,Ecto,1.52878e+06
21291.4,2,100,H,Ecto,4678.18
21291.4,2,1000,H,Ecto,15531.8
21291.4,2,1000,H,Endo,16175.9
21291.4,2,10000,H,Endo,114.989
21291.4,2,100,O,Ecto,124.425
21291.4,2,1000,O,Ecto,1664.7
21291.4,2,10000,O,Ecto,30.804
21291.4,2,10000,O,Endo,16.6398
21291.4,2,100,C,Ecto,28.6835
21291.4,2,1000,C,Ecto,0.00336375
21291.4,2,10000,C,Ecto,806.603
39359.7,2,1000,H,Ecto,3.1938e+06
39359.7,2,1000,H,Endo,6.37322e+07
39359.7,2,10000,H,Endo,197924
39359.7,2,1000,O,Ecto,2672.1
39359.7,2,10000,O,Ecto,0.00274405
39359.7,2,10000,O,Endo,18034.9
39359.7,2,1000,C,Ecto,3741.48
39359.7,2,10000,C,Ecto,76.6131
50130.3,2,10,H,Ecto,1.83054e+06
50130.3,2,100,H,Ecto,2.60675e+06
50130.3,2,1000,H,Ecto,2.15357e+06
50130.3,2,10,O,Ecto,103075
50130.3,2,100,O,Ecto,1.7907e+06
50130.3,2,1000,O,Ecto,2.0216e+06
50130.3,2,100,C,Ecto,2.03337e+06
50130.3,2,1000,C,Ecto,3.90195e+06
85041.8,2,1000,H,Ecto,68664.1
85041.8,2,1000,H,Endo,420254
85041.8,2,10000,H,Endo,48819.4
85041.8,2,1000,O,Ecto,0.0182314
85041.8,2,10000,O,Ecto,0.000313752
85041.8,2,10000,O,Endo,4316.02
85041.8,2,1000,C,Ecto,72.1128
85041.8,2,10000,C,Ecto,15.9455
12059.4,2,10,H,Ecto,115391
12059.4,2,100,H,Ecto,429177
12059.4,2,1000,H,Ecto,1.08788e+06
12059.4,2,10,O,Ecto,716.87
12059.4,2,100,O,Ecto,331037
12059.4,2,1000,O,Ecto,804906
12059.4,2,10000,O,Endo,24.9005
12059.4,2,100,C,Ecto,627328
12059.4,2,1000,C,Ecto,650487
12059.4,2,10000,C,Ecto,58.2187
38768.8,2,100,H,Ecto,2.94492e+06
38768.8,2,1000,H,Ecto,1.00666e+07
38768.8,2,1000,H,Endo,1.57063e+08
38768.8,2,10000,H,Endo,3429.02
38768.8,2,100,O,Ecto,2.68523e+06
38768.8,2,1000,O,Ecto,6.35221e+06
38768.8,2,10000,O,Ecto,6.28108e-05
38768.8,2,10000,O,Endo,78329.4
38768.8,2,100,C,Ecto,1141.76
38768.8,2,1000,C,Ecto,1.09415e+06
38768.8,2,10000,C,Ecto,61754.1
47680.7,2,1000,H,Ecto,25197.8
47680.7,2,1000,H,Endo,480934
47680.7,2,10000,H,Endo,788.265
47680.7,2,1000,O,Ecto,15.1807
47680.7,2,10000,O,Ecto,2.48091e-05
47680.7,2,10000,O,Endo,104.775
47680.7,2,1000,C,Ecto,16.3723
47680.7,2,10000,C,Ecto,0.460445
95609.5,2,1000,H,Ecto,535711
95609.5,2,1000,H,Endo,1.89051e+06
95609.5,2,10000,H,Endo,961864
95609.5,2,1000,O,Ecto,0.0814871
95609.5,2,10000,O,Ecto,0.00438539
95609.5,2,10000,O,Endo,81905.8
95609.5,2,1000,C,Ecto,669.592
95609.5,2,10000,C,Ecto,346.659
33604.9,2,100,H,Ecto,2.44708
33604.9,2,1000,H,Ecto,82485.8
33604.9,2,10000,H,Ecto,5061.96
33604.9,2,1000,H,Endo,48675.4
33604.9,2,10000,H,Endo,309971
33604.9,2,100,O,Ecto,15.3876
33604.9,2,1000,O,Ecto,13666.2
33604.9,2,10000,O,Endo,221257
33604.9,2,1000,C,Ecto,714.947
33604.9,2,10000,C,Ecto,369121
33604.9,2,100,H,Ecto,6.12793e+06
33604.9,2,1000,H,Ecto,1.45562e+08
33604.9,2,10000,H,Ecto,4.04304e+06
33604.9,2,1000,H,Endo,1.98413e+07
33604.9,2,10000,H,Endo,4.86572e+07
33604.9,2,100,O,Ecto,1.55767e+06
33604.9,2,1000,O,Ecto,1.93463e+07
33604.9,2,1000,C,Ecto,9.5754e+06
33604.9,2,10000,C,Ecto,8.34359e+06
33143.8,2,100,H,Ecto,22281.1
33143.8,2,1000,H,Ecto,1.75608e+07
33143.8,2,10000,H,Ecto,1.34004e+06
33143.8,2,1000,H,Endo,3.75332e+06
33143.8,2,10000,H,Endo,5.62732e+07
33143.8,2,100,O,Ecto,8549.77
33143.8,2,1000,O,Ecto,2.47837e+06
33143.8,2,10000,O,Endo,1.91802e+07
33143.8,2,1000,C,Ecto,226598
33143.8,2,10000,C,Ecto,4.70047e+07
12021.1,2,100,H,Ecto,16637
12021.1,2,1000,H,Ecto,228101
12021.1,2,10000,H,Ecto,4752.64
12021.1,2,1000,H,Endo,34373.3
12021.1,2,10000,H,Endo,53702
12021.1,2,100,O,Ecto,4691.6
12021.1,2,1000,O,Ecto,45533.4
12021.1,2,100,C,Ecto,0.0138084
12021.1,2,1000,C,Ecto,16300.3
12021.1,2,10000,C,Ecto,8580.91
10736.6,2,100,H,Ecto,1.11302e+06
10736.6,2,1000,H,Ecto,574536
10736.6,2,10000,H,Ecto,2662.73
10736.6,2,10000,H,Endo,19251.4
10736.6,2,100000,H,Endo,975391
10736.6,2,100,O,Ecto,20602.2
10736.6,2,1000,O,Ecto,557089
10736.6,2,10000,O,Ecto,2.31256
10736.6,2,10000,O,Endo,0.000160166
10736.6,2,100,C,Ecto,14398.6
10736.6,2,1000,C,Ecto,62479.8
10736.6,2,10000,C,Ecto,7498.33
10736.6,2,100000,C,Ecto,0.132063
22829.8,2,10,H,Ecto,3.68679
22829.8,2,100,H,Ecto,30821.1
22829.8,2,1000,H,Ecto,29587.2
22829.8,2,10000,H,Ecto,2.03004
22829.8,2,10000,H,Endo,6.40503
22829.8,2,100000,H,Endo,15833.7
22829.8,2,10,O,Ecto,68.7767
22829.8,2,100,O,Ecto,2414.99
22829.8,2,1000,O,Ecto,18475
22829.8,2,10000,O,Ecto,0.0031485
22829.8,2,100,C,Ecto,110.843
22829.8,2,1000,C,Ecto,3822.8
22829.8,2,10000,C,Ecto,211.476
104556,2,1000,H,Ecto,337489
104556,2,10000,H,Ecto,22179.9
104556,2,1000,H,Endo,4.19681e+06
104556,2,10000,H,Endo,2.93153e+06
104556,2,1000,O,Ecto,43129.3
104556,2,10000,O,Ecto,0.416858
104556,2,10000,O,Endo,4.87714e+06
104556,2,1000,C,Ecto,14689.3
104556,2,10000,C,Ecto,9203.9
104556,2,100000,C,Ecto,22.0536
19317.9,2,100,H,Ecto,9516.98
19317.9,2,1000,H,Ecto,1.95843e+06
19317.9,2,10000,H,Ecto,130.704
19317.9,2,10000,H,Endo,160627
19317.9,2,100,O,Ecto,567.183
19317.9,2,1000,O,Ecto,443979
19317.9,2,1000,O,Endo,0.347859
19317.9,2,10000,O,Endo,794296
19317.9,2,1000,C,Ecto,1.34677e+06
19317.9,2,10000,C,Ecto,2.00424e-06
6019.03,2,100,H,Ecto,2587.63
6019.03,2,1000,H,Ecto,2452.37
6019.03,2,10000,H,Ecto,31.4315
6019.03,2,10000,H,Endo,165.361
6019.03,2,100,O,Ecto,111.721
6019.03,2,1000,O,Ecto,1252.99
6019.03,2,10000,O,Endo,1.45665
6019.03,2,1000,C,Ecto,76.6591
6019.03,2,10000,C,Ecto,0.00991649
19121.8,2,100,H,Ecto,3.2442e+07
19121.8,2,1000,H,Ecto,3.20188e+07
19121.8,2,10000,H,Ecto,1.92225e+06
19121.8,2,10000,H,Endo,650080
19121.8,2,100,O,Ecto,3.08083e+06
19121.8,2,1000,O,Ecto,1.84398e+07
19121.8,2,1000,C,Ecto,682271
19121.8,2,10000,C,Ecto,0.965715
46332.9,2,100,H,Ecto,0.635279
46332.9,2,1000,H,Ecto,1.65436e+06
46332.9,2,10000,H,Ecto,9024.93
46332.9,2,10000,H,Endo,83059.9
46332.9,2,1000,O,Ecto,49479.6
46332.9,2,1000,O,Endo,4.26509
46332.9,2,10000,O,Endo,6.41647e+06
46332.9,2,1000,C,Ecto,1.58663e+06
46332.9,2,10000,C,Ecto,3935.7
47095.7,2,100,H,Ecto,292264
47095.7,2,1000,H,Ecto,272014
47095.7,2,10000,H,Ecto,3722.87
47095.7,2,10000,H,Endo,13112.5
47095.7,2,100,O,Ecto,11221.9
47095.7,2,1000,O,Ecto,148984
47095.7,2,10000,O,Endo,164.334
47095.7,2,1000,C,Ecto,8834.86
47095.7,2,10000,C,Ecto,1.16946
10889.4,2,100,H,Ecto,1.56826e+07
10889.4,2,1000,H,Ecto,3.38474e+07
10889.4,2,10000,H,Ecto,2.96932e+07
10889.4,2,1000,H,Endo,4.27256e+07
10889.4,2,10000,H,Endo,1.5963e+08
10889.4,2,100000,H,Endo,2.12301e+07
10889.4,2,100,O,Ecto,13192.7
10889.4,2,1000,O,Ecto,5.29565e+07
10889.4,2,10000,O,Ecto,6590.28
10889.4,2,10000,O,Endo,665.213
10889.4,2,100,C,Ecto,1.12216e+07
10889.4,2,1000,C,Ecto,3.33822e+07
10889.4,2,10000,C,Ecto,4.30836e+07
10889.4,2,100000,C,Ecto,3898.7
20025,2,100,H,Ecto,2.36174e+06
20025,2,1000,H,Ecto,3.48611e+06
20025,2,10000,H,Ecto,545.067
20025,2,10,O,Ecto,4.57245
20025,2,100,O,Ecto,4.86996e+06
20025,2,1000,O,Ecto,384422
20025,2,10000,O,Endo,6014.55
20025,2,100,C,Ecto,1.28807e+06
20025,2,1000,C,Ecto,1.67048e+06
20025,2,10000,C,Ecto,127.653
23312.2,2,10,H,Ecto,1.90793e+06
23312.2,2,100,H,Ecto,1.501e+07
23312.2,2,1000,H,Ecto,1.23706e+07
23312.2,2,10,O,Ecto,499880
23312.2,2,100,O,Ecto,8.00007e+06
23312.2,2,1000,O,Ecto,869582
23312.2,2,100,C,Ecto,51634.2
23312.2,2,1000,C,Ecto,112158
16163.7,2,100,H,Ecto,3.89125e+06
16163.7,2,1000,H,Ecto,1.49148e+07
16163.7,2,10000,H,Ecto,18588
16163.7,2,1000,H,Endo,2.02099e+06
16163.7,2,10000,H,Endo,2138.47
16163.7,2,100000,H,Endo,42229.1
16163.7,2,100,O,Ecto,1.009e+06
16163.7,2,1000,O,Ecto,1.93638e+06
16163.7,2,10000,O,Endo,364232
16163.7,2,100,C,Ecto,1.94787e+06
16163.7,2,1000,C,Ecto,5.99971e+06
16163.7,2,10000,C,Ecto,22192.4
42465.4,2,100,H,Ecto,14235.7
42465.4,2,1000,H,Ecto,93494.5
42465.4,2,10000,H,Ecto,259565
42465.4,2,1000,H,Endo,2.96368e+06
42465.4,2,10000,H,Endo,3.6654e+07
42465.4,2,100000,H,Endo,0.00826329
42465.4,2,1000,O,Ecto,2.07301e+06
42465.4,2,1000,O,Endo,376075
42465.4,2,10000,O,Endo,900.601
42465.4,2,1000,C,Ecto,1.39111e+06
42465.4,2,10000,C,Ecto,37362.6
6217.06,2,10,H,Ecto,7699.91
6217.06,2,100,H,Ecto,2.40445e+07
6217.06,2,1000,H,Ecto,3.23225e+07
6217.06,2,10000,H,Endo,0.000827031
6217.06,2,100000,H,Endo,0.00352003
6217.06,2,100,O,Ecto,1.06237e+07
6217.06,2,1000,O,Ecto,2.03519e+07
6217.06,2,100,C,Ecto,20351.2
6217.06,2,1000,C,Ecto,5.31163e+06
6217.06,2,10000,C,Ecto,7.93517e+06
42551.2,2,100,H,Ecto,26783.7
42551.2,2,1000,H,Ecto,98022
42551.2,2,10000,H,Ecto,170801
42551.2,2,1000,H,Endo,1.10328e+06
42551.2,2,10000,H,Endo,1.02862e+07
42551.2,2,100000,H,Endo,0.00264131
42551.2,2,100,O,Ecto,6981.82
42551.2,2,1000,O,Ecto,1.5792e+06
42551.2,2,1000,O,Endo,288768
42551.2,2,1000,C,Ecto,790655
42551.2,2,10000,C,Ecto,8329.94
29692.6,2,100,H,Ecto,45.2999
29692.6,2,1000,H,Ecto,130.342
29692.6,2,10000,H,Ecto,246.471
29692.6,2,1000,H,Endo,114.595
29692.6,2,10000,H,Endo,8885.11
29692.6,2,100000,H,Endo,6.14217e-06
29692.6,2,100,O,Ecto,17.4489
29692.6,2,1000,O,Ecto,2402.92
29692.6,2,1000,O,Endo,455.673
29692.6,2,1000,C,Ecto,1164.05
29692.6,2,10000,C,Ecto,11.8801
57150.1,2,100,H,Ecto,0.222724
57150.1,2,1000,H,Ecto,25847.2
57150.1,2,10000,H,Ecto,0.136264
57150.1,2,1000,H,Endo,93437.5
57150.1,2,10000,H,Endo,1.3074e+06
57150.1,2,100000,H,Endo,0.0710414
57150.1,2,100,O,Ecto,2317.97
57150.1,2,1000,O,Ecto,6365.98
57150.1,2,10000,O,Ecto,56044.3
57150.1,2,10000,O,Endo,3590.54
57150.1,2,100,C,Ecto,3.99058e-08
57150.1,2,1000,C,Ecto,388.77
57150.1,2,10000,C,Ecto,1301.62
11093.2,2,100,H,Ecto,1.00798e+07
11093.2,2,1000,H,Ecto,1.35293e+07
11093.2,2,10000,H,Endo,942.127
11093.2,2,100000,H,Endo,19024.2
11093.2,2,10,O,Ecto,2908.64
11093.2,2,100,O,Ecto,526552
11093.2,2,1000,O,Ecto,6.95433e+06
11093.2,2,100,C,Ecto,1537.68
11093.2,2,1000,C,Ecto,1.88831e+07
11093.2,2,10000,C,Ecto,1.15455e+06
20751.8,2,100,H,Ecto,465515
20751.8,2,1000,H,Ecto,1.29686e+06
20751.8,2,10000,H,Endo,7870.47
20751.8,2,100000,H,Endo,1491.99
20751.8,2,100,O,Ecto,330960
20751.8,2,1000,O,Ecto,1.02616e+06
20751.8,2,10000,O,Ecto,7568.08
20751.8,2,10000,O,Endo,138.587
20751.8,2,100,C,Ecto,38.1488
20751.8,2,1000,C,Ecto,2.14931e+06
20751.8,2,10000,C,Ecto,932534
20751.8,2,100,H,Ecto,71.3525
20751.8,2,1000,H,Ecto,24077.9
20751.8,2,10000,H,Ecto,21.775
20751.8,2,1000,H,Endo,57369.2
20751.8,2,10000,H,Endo,547360
20751.8,2,100,O,Ecto,7658.25
20751.8,2,1000,O,Ecto,10472.9
20751.8,2,10000,O,Ecto,56906
20751.8,2,10000,O,Endo,3285.25
20751.8,2,100,C,Ecto,1.39094e-05
20751.8,2,1000,C,Ecto,354.552
20751.8,2,10000,C,Ecto,4298.78
6908.04,2,100,H,Ecto,269525
6908.04,2,1000,H,Ecto,1.69655e+06
6908.04,2,1000,H,Endo,24.267
6908.04,2,10000,H,Endo,591.496
6908.04,2,100,O,Ecto,16.8757
6908.04,2,1000,O,Ecto,389318
6908.04,2,10000,O,Ecto,0.00171034
6908.04,2,100,C,Ecto,6107.8
6908.04,2,1000,C,Ecto,544370
6908.04,2,10000,C,Ecto,5.13431
17887.1,2,100,H,Ecto,3.76944e+06
17887.1,2,1000,H,Ecto,4.49068e+06
17887.1,2,10000,H,Ecto,5.40499e+07
17887.1,2,100,O,Ecto,208790
17887.1,2,1000,O,Ecto,1.01539e+07
17887.1,2,10000,O,Ecto,3106.25
17887.1,2,1000,C,Ecto,926821
17887.1,2,10000,C,Ecto,4.35644e-05
39029.8,2,100,H,Ecto,33470.9
39029.8,2,1000,H,Ecto,219169
39029.8,2,10000,H,Ecto,0.000377534
39029.8,2,1000,H,Endo,58387.2
39029.8,2,10000,H,Endo,55.8259
39029.8,2,100,O,Ecto,63.9475
39029.8,2,1000,O,Ecto,539308
39029.8,2,100,C,Ecto,0.48037
39029.8,2,1000,C,Ecto,75040.7
39029.8,2,10000,C,Ecto,16114.9
19105.5,2,100,H,Ecto,748.887
19105.5,2,1000,H,Ecto,12881.5
19105.5,2,10000,H,Ecto,5.39958e-05
19105.5,2,1000,H,Endo,18289.3
19105.5,2,10000,H,Endo,28.4944
19105.5,2,100000,H,Endo,1.8471
19105.5,2,100,O,Ecto,0.666071
19105.5,2,1000,O,Ecto,27721.4
19105.5,2,10000,O,Endo,7.6132e-06
19105.5,2,100,C,Ecto,0.0157259
19105.5,2,1000,C,Ecto,2984.65
19105.5,2,10000,C,Ecto,5211.94
54530.7,2,100,H,Ecto,0.286952
54530.7,2,1000,H,Ecto,1781.86
54530.7,2,10000,H,Ecto,4.18998e-05
54530.7,2,1000,H,Endo,137086
54530.7,2,10000,H,Endo,28714.7
54530.7,2,100000,H,Endo,19401.9
54530.7,2,1000,O,Ecto,2933.21
54530.7,2,10000,O,Endo,0.211602
54530.7,2,1000,C,Ecto,1506.34
54530.7,2,10000,C,Ecto,274975
13851.7,2,100,H,Ecto,296673
13851.7,2,1000,H,Ecto,1456.52
13851.7,2,10000,H,Ecto,828.784
13851.7,2,1000,H,Endo,23477.5
13851.7,2,10000,H,Endo,16588.5
13851.7,2,100000,H,Endo,1.35597e+06
13851.7,2,100,O,Ecto,1.05083e+06
13851.7,2,1000,O,Ecto,56945.3
13851.7,2,10000,O,Ecto,1121.2
13851.7,2,1000,O,Endo,89764.5
13851.7,2,10000,O,Endo,49614.6
13851.7,2,1000,C,Ecto,251541
18772.1,2,100,H,Ecto,260951
18772.1,2,1000,H,Ecto,1589.72
18772.1,2,10000,H,Ecto,463.642
18772.1,2,1000,H,Endo,47390.5
18772.1,2,10000,H,Endo,34642.8
18772.1,2,100000,H,Endo,1.81804e+06
18772.1,2,100,O,Ecto,1.24814e+06
18772.1,2,1000,O,Ecto,36130.7
18772.1,2,10000,O,Ecto,1670.37
18772.1,2,1000,O,Endo,123502
18772.1,2,10000,O,Endo,74280.7
18772.1,2,1000,C,Ecto,384957
53389.6,2,100,H,Ecto,2.44637e+07
53389.6,2,1000,H,Ecto,481829
53389.6,2,10000,H,Ecto,281628
53389.6,2,1000,H,Endo,258580
53389.6,2,10000,H,Endo,87.1246
53389.6,2,100000,H,Endo,7.90596e+06
53389.6,2,100,O,Ecto,7.92979e+06
53389.6,2,1000,O,Ecto,1.032e+07
53389.6,2,10000,O,Ecto,82.9642
53389.6,2,1000,O,Endo,17529.2
53389.6,2,1000,C,Ecto,3.31875e+06
7408.08,2,10,H,Ecto,2.90488e+06
7408.08,2,100,H,Ecto,9.13442e+06
7408.08,2,1000,H,Ecto,331018
7408.08,2,10000,H,Ecto,193339
7408.08,2,1000,H,Endo,9376.72
7408.08,2,10000,H,Endo,1.52194e-06
7408.08,2,100000,H,Endo,440147
7408.08,2,10,O,Ecto,0.939108
7408.08,2,100,O,Ecto,4.22828e+06
7408.08,2,1000,O,Ecto,3.03072e+06
7408.08,2,1000,C,Ecto,1.99597e+06
19105.5,2,100,H,Ecto,21076.3
19105.5,2,1000,H,Ecto,179.846
19105.5,2,10000,H,Ecto,168.009
19105.5,2,1000,H,Endo,19.4573
19105.5,2,10000,H,Endo,0.00985335
19105.5,2,100000,H,Endo,20639.2
19105.5,2,100,O,Ecto,11249.6
19105.5,2,1000,O,Ecto,8334.4
19105.5,2,10000,O,Ecto,1.24122
19105.5,2,1000,O,Endo,184.941
19105.5,2,10000,O,Endo,28.9577
19105.5,2,1000,C,Ecto,2335.93
39696.8,2,100,H,Ecto,3239.99
39696.8,2,1000,H,Ecto,356405
39696.8,2,10000,H,Ecto,0.442849
39696.8,2,1000,H,Endo,1.99389e+07
39696.8,2,10000,H,Endo,2.12566e+08
39696.8,2,100000,H,Endo,9.36495e+07
39696.8,2,100,O,Ecto,292156
39696.8,2,1000,O,Ecto,5.44547e+06
39696.8,2,10000,O,Ecto,1.27875e+07
39696.8,2,1000,O,Endo,682930
39696.8,2,10000,O,Endo,2.176e+07
39696.8,2,1000,C,Ecto,1.10785e+06
39696.8,2,10000,C,Ecto,0.00137078
65327.6,2,100,H,Ecto,18385.9
65327.6,2,1000,H,Ecto,99974.5
65327.6,2,1000,H,Endo,500214
65327.6,2,10000,H,Endo,2.97355e+07
65327.6,2,100000,H,Endo,5.70455e+07
65327.6,2,100,O,Ecto,783719
65327.6,2,1000,O,Ecto,514823
65327.6,2,10000,O,Ecto,407057
65327.6,2,1000,O,Endo,404440
65327.6,2,10000,O,Endo,9.13704e+06
65327.6,2,1000,C,Ecto,1.29538e+06
51744.3,2,100,H,Ecto,3.78288
51744.3,2,1000,H,Ecto,8363.33
51744.3,2,10000,H,Ecto,22258.8
51744.3,2,1000,H,Endo,25.7194
51744.3,2,10000,H,Endo,2.91718e+06
51744.3,2,100000,H,Endo,516.408
51744.3,2,100,O,Ecto,33.6099
51744.3,2,1000,O,Ecto,275454
51744.3,2,10000,O,Endo,75.7121
51744.3,2,1000,C,Ecto,370.174
51744.3,2,10000,C,Ecto,282.044
49680.9,2,100,H,Ecto,221989
49680.9,2,1000,H,Ecto,791580
49680.9,2,10000,H,Ecto,405515
49680.9,2,1000,H,Endo,2.18069
49680.9,2,10000,H,Endo,1.64621e+06
49680.9,2,100000,H,Endo,107874
49680.9,2,100,O,Ecto,169016
49680.9,2,1000,O,Ecto,385513
49680.9,2,1000,C,Ecto,567447
49680.9,2,10000,C,Ecto,14180.8
20799.1,2,100,H,Ecto,1762.43
20799.1,2,1000,H,Ecto,2438.43
20799.1,2,10000,H,Ecto,8877.07
20799.1,2,10000,H,Endo,88.7896
20799.1,2,100,O,Ecto,121.819
20799.1,2,1000,O,Ecto,16834.2
20799.1,2,10000,O,Ecto,0.00242921
20799.1,2,10000,O,Endo,191.266
20799.1,2,100,C,Ecto,0.007959
20799.1,2,1000,C,Ecto,151.606
20799.1,2,10000,C,Ecto,26.6117
56613.4,2,100,H,Ecto,3.0852e+07
56613.4,2,1000,H,Ecto,1.39152e+07
56613.4,2,10000,H,Ecto,2.33307e+06
56613.4,2,10000,H,Endo,25928.5
56613.4,2,100,O,Ecto,978068
56613.4,2,1000,O,Ecto,7.55217e+06
56613.4,2,10000,O,Ecto,0.424525
56613.4,2,100,C,Ecto,203556
56613.4,2,1000,C,Ecto,167132
10710.1,2,100,H,Ecto,38153.3
10710.1,2,1000,H,Ecto,601128
10710.1,2,10000,H,Ecto,1.07239e+06
10710.1,2,100,O,Ecto,360899
10710.1,2,1000,O,Ecto,2.4882e+06
10710.1,2,100,C,Ecto,36528.7
10710.1,2,1000,C,Ecto,1261.06
10710.1,2,10000,C,Ecto,908.898
20308.9,2,100,H,Ecto,3500.5
20308.9,2,1000,H,Ecto,138455
20308.9,2,10000,H,Ecto,106554
20308.9,2,10000,H,Endo,2705.57
20308.9,2,100,O,Ecto,10983.2
20308.9,2,1000,O,Ecto,877237
20308.9,2,10000,O,Endo,2.72027
20308.9,2,100,C,Ecto,348.746
20308.9,2,1000,C,Ecto,88.9312
20308.9,2,10000,C,Ecto,350.472
50130.3,2,100,H,Ecto,25.6496
50130.3,2,1000,H,Ecto,6953.22
50130.3,2,10000,H,Ecto,4158.64
50130.3,2,10000,H,Endo,998497
50130.3,2,1000,O,Ecto,1.82223e+06
50130.3,2,10000,O,Endo,1548.57
50130.3,2,1000,C,Ecto,1.75855
50130.3,2,10000,C,Ecto,186.903
50310.8,2,100,H,Ecto,1037.22
50310.8,2,1000,H,Ecto,3.56328e+06
50310.8,2,10000,H,Ecto,1.79477e+06
50310.8,2,1000,H,Endo,14259.1
50310.8,2,10000,H,Endo,46618.3
50310.8,2,100000,H,Endo,352960
50310.8,2,100,O,Ecto,1683.48
50310.8,2,1000,O,Ecto,9.65677e+06
50310.8,2,10000,O,Ecto,725421
50310.8,2,1000,O,Endo,11416.4
50310.8,2,10000,O,Endo,11486.3
50310.8,2,100,C,Ecto,17.724
50310.8,2,1000,C,Ecto,1.0801e+07
50310.8,2,10000,C,Ecto,20275.2
50100.8,2,100,H,Ecto,14024.5
50100.8,2,1000,H,Ecto,4.39329e+06
50100.8,2,10000,H,Ecto,355798
50100.8,2,1000,H,Endo,94.3024
50100.8,2,100000,H,Endo,4559.73
50100.8,2,100,O,Ecto,348046
50100.8,2,1000,O,Ecto,3.0006e+06
50100.8,2,10000,O,Ecto,194172
50100.8,2,10000,O,Endo,93.0857
50100.8,2,100,C,Ecto,144.938
50100.8,2,1000,C,Ecto,1.6184e+06
50100.8,2,10000,C,Ecto,260.474
8160.03,2,100,H,Ecto,30560.1
8160.03,2,1000,H,Ecto,8.0836e+06
8160.03,2,10000,H,Ecto,184991
8160.03,2,100000,H,Endo,2646.57
8160.03,2,100,O,Ecto,960012
8160.03,2,1000,O,Ecto,2.02678e+06
8160.03,2,10000,O,Ecto,99228.6
8160.03,2,10000,O,Endo,28.841
8160.03,2,100,C,Ecto,4998.66
8160.03,2,1000,C,Ecto,772781
8160.03,2,10000,C,Ecto,693.486
51018.4,2,1000,H,Ecto,358.532
51018.4,2,10000,H,Ecto,65998.5
51018.4,2,1000,H,Endo,1207.59
51018.4,2,10000,H,Endo,33590.9
51018.4,2,100000,H,Endo,4692.45
51018.4,2,1000,O,Ecto,5458.09
51018.4,2,10000,O,Ecto,384.05
51018.4,2,1000,O,Endo,597.062
51018.4,2,10000,O,Endo,700.833
51018.4,2,1000,C,Ecto,14911.5
51018.4,2,10000,C,Ecto,2244.84
22908.5,2,100,H,Ecto,26.18
22908.5,2,1000,H,Ecto,121.256
22908.5,2,10000,H,Ecto,8451.81
22908.5,2,1000,H,Endo,18811.7
22908.5,2,10000,H,Endo,35598.7
22908.5,2,100000,H,Endo,3.5557
22908.5,2,1000,O,Ecto,6310.61
22908.5,2,10000,O,Ecto,0.00732696
22908.5,2,10000,O,Endo,0.000191537
22908.5,2,100000,O,Endo,1.27659e-05
22908.5,2,100,C,Ecto,0.0829832
22908.5,2,1000,C,Ecto,4289.93
22908.5,2,10000,C,Ecto,1819.81
22908.5,2,100000,C,Ecto,1.84694e-06
100937,2,100,H,Ecto,1108.46
100937,2,1000,H,Ecto,18676.1
100937,2,10000,H,Ecto,256713
100937,2,1000,H,Endo,586169
100937,2,10000,H,Endo,992494
100937,2,100000,H,Endo,44.9563
100937,2,100,O,Ecto,145.659
100937,2,1000,O,Ecto,269299
100937,2,10000,O,Ecto,0.554952
100937,2,100,C,Ecto,7.94933
100937,2,1000,C,Ecto,151929
100937,2,10000,C,Ecto,59065.8
100937,2,100000,C,Ecto,0.000134629
17315,2,100,H,Ecto,48564.9
17315,2,1000,H,Ecto,10767.8
17315,2,10000,H,Ecto,1.04348e+06
17315,2,1000,H,Endo,9.52306e+06
17315,2,10000,H,Endo,7.80027e+06
17315,2,100,O,Ecto,23021
17315,2,1000,O,Ecto,3.39985e+06
17315,2,10000,O,Ecto,33.7328
17315,2,100,C,Ecto,2158.8
17315,2,1000,C,Ecto,4.09565e+06
17315,2,10000,C,Ecto,1.67602e+06
17315,2,100000,C,Ecto,0.00653293
35758.4,2,10,H,Ecto,241.269
35758.4,2,100,H,Ecto,7430.85
35758.4,2,1000,H,Ecto,25365
35758.4,2,10000,H,Ecto,9.12175
35758.4,2,10,O,Ecto,227.022
35758.4,2,100,O,Ecto,1419.53
35758.4,2,1000,O,Ecto,13661.8
35758.4,2,10000,O,Endo,0.0043975
35758.4,2,100,C,Ecto,3035.09
35758.4,2,1000,C,Ecto,1588
12330.1,2,10,H,Ecto,2456.34
12330.1,2,100,H,Ecto,57721.8
12330.1,2,1000,H,Ecto,207696
12330.1,2,10000,H,Ecto,59.1597
12330.1,2,10,O,Ecto,2353.64
12330.1,2,100,O,Ecto,17236.1
12330.1,2,1000,O,Ecto,206191
12330.1,2,10000,O,Endo,0.0185916
12330.1,2,100,C,Ecto,24011.1
12330.1,2,1000,C,Ecto,14326.8
14734.9,2,100,H,Ecto,635.703
14734.9,2,1000,H,Ecto,215558
14734.9,2,10000,H,Ecto,36340.8
14734.9,2,1000,H,Endo,0.000423869
14734.9,2,10000,H,Endo,143.079
14734.9,2,100,O,Ecto,1354.62
14734.9,2,1000,O,Ecto,13335.7
14734.9,2,10000,O,Ecto,145.96
14734.9,2,10000,O,Endo,287.523
14734.9,2,100,C,Ecto,254.841
14734.9,2,1000,C,Ecto,97472.4
14734.9,2,10000,C,Ecto,7386.19
70467,2,10,H,Ecto,140239
70467,2,100,H,Ecto,407178
70467,2,1000,H,Ecto,2.95874e+06
70467,2,10000,H,Ecto,49.1058
70467,2,10,O,Ecto,153740
70467,2,100,O,Ecto,232482
70467,2,1000,O,Ecto,2.57856e+06
70467,2,100,C,Ecto,132065
70467,2,1000,C,Ecto,264975
14852.8,2,10,H,Ecto,7121.2
14852.8,2,100,H,Ecto,779999
14852.8,2,1000,H,Ecto,2.09365e+06
14852.8,2,10000,H,Ecto,3685.24
14852.8,2,10,O,Ecto,3109.12
14852.8,2,100,O,Ecto,149016
14852.8,2,1000,O,Ecto,1.83233e+06
14852.8,2,10000,O,Endo,1.58092
14852.8,2,100,C,Ecto,357064
14852.8,2,1000,C,Ecto,91368
14852.8,2,10000,C,Ecto,8.22736
44216.2,2,1000,H,Ecto,1.15739e+06
44216.2,2,10000,H,Ecto,2.05643
44216.2,2,1000,H,Endo,2.49706e+06
44216.2,2,10000,H,Endo,9.1249e+06
44216.2,2,100,O,Ecto,155.505
44216.2,2,1000,O,Ecto,11131.7
44216.2,2,10000,O,Ecto,182063
44216.2,2,10000,O,Endo,1011.6
44216.2,2,1000,C,Ecto,121801
44216.2,2,10000,C,Ecto,10308.3
33364,2,100,H,Ecto,4578.56
33364,2,1000,H,Ecto,149307
33364,2,10000,H,Ecto,34376.5
33364,2,10000,H,Endo,503734
33364,2,100,O,Ecto,5274.11
33364,2,1000,O,Ecto,4882.84
33364,2,10000,O,Endo,0.000370012
33364,2,100,C,Ecto,0.0160885
33364,2,1000,C,Ecto,13319.4
33364,2,10000,C,Ecto,90632.6
14770.5,2,100,H,Ecto,263796
14770.5,2,1000,H,Ecto,8.58327e+06
14770.5,2,10000,H,Ecto,635778
14770.5,2,10000,H,Endo,3.57729e+07
14770.5,2,100,O,Ecto,506634
14770.5,2,1000,O,Ecto,98008
14770.5,2,10000,O,Endo,0.0026557
14770.5,2,100,C,Ecto,1.15191
14770.5,2,1000,C,Ecto,188728
14770.5,2,10000,C,Ecto,3.66968e+06
12330.1,2,100,H,Ecto,25071
12330.1,2,1000,H,Ecto,1.11978e+06
12330.1,2,10000,H,Ecto,570942
12330.1,2,10000,H,Endo,4.56077e+06
12330.1,2,100,O,Ecto,16246.5
12330.1,2,1000,O,Ecto,82505.6
12330.1,2,10000,O,Endo,0.0118208
12330.1,2,100,C,Ecto,0.073753
12330.1,2,1000,C,Ecto,59624.6
12330.1,2,10000,C,Ecto,559225
48447.6,2,100,H,Ecto,3277.79
48447.6,2,1000,H,Ecto,105510
48447.6,2,10000,H,Ecto,1790.81
48447.6,2,10000,H,Endo,386748
48447.6,2,100,O,Ecto,18300
48447.6,2,1000,O,Ecto,850.406
48447.6,2,100,C,Ecto,0.0188322
48447.6,2,1000,C,Ecto,1095.58
48447.6,2,10000,C,Ecto,32853.8
44672.5,2,100,H,Ecto,3336.65
44672.5,2,1000,H,Ecto,665352
44672.5,2,10000,H,Ecto,1.30879e+06
44672.5,2,10000,H,Endo,9.07706e+06
44672.5,2,100,O,Ecto,1658.92
44672.5,2,1000,O,Ecto,1.19769e+06
44672.5,2,10000,O,Endo,444.013
44672.5,2,100,C,Ecto,0.00543725
44672.5,2,1000,C,Ecto,210905
44672.5,2,10000,C,Ecto,150868
6136.44,2,100,H,Ecto,7055.93
6136.44,2,1000,H,Ecto,2842.89
6136.44,2,10000,H,Ecto,897.744
6136.44,2,10000,H,Endo,13.2433
6136.44,2,100,O,Ecto,28.0794
6136.44,2,1000,O,Ecto,789.272
6136.44,2,1000,C,Ecto,1.10277
6136.44,2,10000,C,Ecto,0.00325048
69878.9,2,1000,H,Ecto,1.10931e+07
69878.9,2,10000,H,Ecto,5.09271e+07
69878.9,2,10000,H,Endo,2.97816e+08
69878.9,2,1000,O,Ecto,1.22192e+07
69878.9,2,1000,O,Endo,473.235
69878.9,2,10000,O,Endo,1.2691
69878.9,2,1000,C,Ecto,799863
69878.9,2,10000,C,Ecto,1.08179e+07
33044.8,2,100,H,Ecto,124515
33044.8,2,1000,H,Ecto,176119
33044.8,2,10000,H,Ecto,41026.2
33044.8,2,10000,H,Endo,248571
33044.8,2,100,O,Ecto,0.303396
33044.8,2,1000,O,Ecto,97381.2
33044.8,2,1000,O,Endo,0.0560292
33044.8,2,1000,C,Ecto,634.628
33044.8,2,10000,C,Ecto,3746.85
83688.8,2,1000,H,Ecto,4.3645
83688.8,2,10000,H,Ecto,278.377
83688.8,2,10000,H,Endo,17148.6
83688.8,2,1000,O,Ecto,0.23348
83688.8,2,1000,O,Endo,0.0335511
83688.8,2,10000,O,Endo,570.74
83688.8,2,1000,C,Ecto,4.64753
83688.8,2,10000,C,Ecto,186.082
19793.8,2,100,H,Ecto,1196.89
19793.8,2,1000,H,Ecto,69004.9
19793.8,2,10000,H,Ecto,0.0389556
19793.8,2,1000,H,Endo,171.999
19793.8,2,10000,H,Endo,183443
19793.8,2,100000,H,Endo,84.8584
19793.8,2,100,O,Ecto,6696.31
19793.8,2,1000,O,Ecto,1253.9
19793.8,2,10000,O,Ecto,104.716
19793.8,2,10000,O,Endo,4408.56
19793.8,2,1000,C,Ecto,1562.38
19793.8,2,10000,C,Ecto,288.223
50894,2,100,H,Ecto,65361.3
50894,2,1000,H,Ecto,3.72187e+06
50894,2,10000,H,Ecto,2.11184
50894,2,1000,H,Endo,73.1494
50894,2,10000,H,Endo,1.02271e+07
50894,2,100000,H,Endo,4601.5
50894,2,100,O,Ecto,280351
50894,2,1000,O,Ecto,57423.2
50894,2,10000,O,Ecto,5683.05
50894,2,10000,O,Endo,239814
50894,2,1000,C,Ecto,80628.5
50894,2,10000,C,Ecto,15679.5
19793.8,2,100,H,Ecto,3.4823e+06
19793.8,2,1000,H,Ecto,6.16629e+06
19793.8,2,1000,H,Endo,0.13822
19793.8,2,10000,H,Endo,4.8025e+06
19793.8,2,100,O,Ecto,8.43765e+06
19793.8,2,1000,O,Ecto,49233.4
19793.8,2,10000,O,Endo,8.27805
19793.8,2,1000,C,Ecto,2.44884e+06
19793.8,2,10000,C,Ecto,0.69178
47138.5,2,100,H,Ecto,73402.6
47138.5,2,1000,H,Ecto,9.38834e+06
47138.5,2,10000,H,Ecto,549.079
47138.5,2,1000,H,Endo,431.085
47138.5,2,10000,H,Endo,1.38595e+07
47138.5,2,100000,H,Endo,107471
47138.5,2,100,O,Ecto,401196
47138.5,2,1000,O,Ecto,112148
47138.5,2,10000,O,Ecto,104307
47138.5,2,10000,O,Endo,2.51928e+06
47138.5,2,1000,C,Ecto,150638
47138.5,2,10000,C,Ecto,190944
98748.4,2,100,H,Ecto,3.1089e+06
98748.4,2,1000,H,Ecto,2.73749e+07
98748.4,2,1000,H,Endo,100810
98748.4,2,10000,H,Endo,2.89109e+08
98748.4,2,100,O,Ecto,2.92575e+07
98748.4,2,1000,O,Ecto,3.55039e+06
98748.4,2,10000,O,Endo,31711
98748.4,2,1000,C,Ecto,7.48025e+06
98748.4,2,10000,C,Ecto,1130.07
20182.6,2,10,H,Ecto,365.646
20182.6,2,100,H,Ecto,4.10597e+06
20182.6,2,1000,H,Ecto,4.97832e+06
20182.6,2,1000,H,Endo,0.00802477
20182.6,2,10000,H,Endo,515582
20182.6,2,100,O,Ecto,3.84197e+06
20182.6,2,1000,O,Ecto,7545.79
20182.6,2,10,C,Ecto,4.1525e-09
20182.6,2,1000,C,Ecto,1.50507e+06
20182.6,2,10000,C,Ecto,0.0509834
96332.8,2,100,H,Ecto,210697
96332.8,2,1000,H,Ecto,763528
96332.8,2,10000,H,Ecto,3.0133e+06
96332.8,2,1000,H,Endo,1.23371e+07
96332.8,2,10000,H,Endo,3.08263e+08
96332.8,2,100000,H,Endo,11.7581
96332.8,2,100,O,Ecto,65377.6
96332.8,2,1000,O,Ecto,2.43494e+07
96332.8,2,1000,O,Endo,4.51747e+06
96332.8,2,10000,O,Endo,3.82851e-05
96332.8,2,1000,C,Ecto,1.52952e+07
96332.8,2,10000,C,Ecto,116566
13707.3,2,100,H,Ecto,1.04122e+07
13707.3,2,1000,H,Ecto,7.46331e+07
13707.3,2,10000,H,Ecto,3.52546e+06
13707.3,2,1000,H,Endo,24316.6
13707.3,2,100,O,Ecto,5.97727e+06
13707.3,2,1000,O,Ecto,7.8391e+06
13707.3,2,10000,O,Ecto,83.5393
13707.3,2,100,C,Ecto,0.108527
13707.3,2,1000,C,Ecto,1.7644e+06
13707.3,2,10000,C,Ecto,173296
14310.8,2,100,H,Ecto,62739.5
14310.8,2,1000,H,Ecto,1.34768e+07
14310.8,2,10000,H,Ecto,58477
14310.8,2,1000,H,Endo,1.1935e+06
14310.8,2,100,O,Ecto,219588
14310.8,2,1000,O,Ecto,2.05392e+06
14310.8,2,10000,O,Ecto,0.248412
14310.8,2,1000,O,Endo,851.019
14310.8,2,10000,O,Endo,41231.2
14310.8,2,100,C,Ecto,0.0242201
14310.8,2,1000,C,Ecto,4.24412e+06
14310.8,2,10000,C,Ecto,381984
6261.05,2,100,H,Ecto,1.33879e+06
6261.05,2,1000,H,Ecto,1.68929e+07
6261.05,2,10000,H,Ecto,516784
6261.05,2,1000,H,Endo,34335.5
6261.05,2,100,O,Ecto,1.16469e+06
6261.05,2,1000,O,Ecto,168589
6261.05,2,10000,O,Ecto,43.1846
6261.05,2,1000,O,Endo,3.68024
6261.05,2,10000,O,Endo,470.759
6261.05,2,100,C,Ecto,0.0282586
6261.05,2,1000,C,Ecto,1.08329e+06
6261.05,2,10000,C,Ecto,97817.7
24120.3,2,100,H,Ecto,6251.92
24120.3,2,1000,H,Ecto,1.19384e+07
24120.3,2,10000,H,Ecto,15616.9
24120.3,2,1000,H,Endo,2.16192e+06
24120.3,2,10000,H,Endo,0.0952608
24120.3,2,100,O,Ecto,54768.6
24120.3,2,1000,O,Ecto,2.20476e+06
24120.3,2,10000,O,Ecto,0.153919
24120.3,2,1000,O,Endo,4837.8
24120.3,2,10000,O,Endo,119211
24120.3,2,100,C,Ecto,0.00688329
24120.3,2,1000,C,Ecto,3.07535e+06
24120.3,2,10000,C,Ecto,321306
11113.9,2,100,H,Ecto,3995.73
11113.9,2,1000,H,Ecto,1.9415e+06
11113.9,2,10000,H,Ecto,7895.95
11113.9,2,1000,H,Endo,26329.6
11113.9,2,100,O,Ecto,13343
11113.9,2,1000,O,Ecto,111498
11113.9,2,10000,O,Ecto,0.0183041
11113.9,2,1000,O,Endo,57.1518
11113.9,2,10000,O,Endo,1445.98
11113.9,2,100,C,Ecto,0.00163403
11113.9,2,1000,C,Ecto,240104
11113.9,2,10000,C,Ecto,22361.5
28487.7,2,100,H,Ecto,1023.77
28487.7,2,1000,H,Ecto,227440
28487.7,2,1000,H,Endo,34830.2
28487.7,2,10000,H,Endo,207512
28487.7,2,100000,H,Endo,185.132
28487.7,2,100,O,Ecto,3.24688
28487.7,2,1000,O,Ecto,6576.48
28487.7,2,10000,O,Endo,220.165
28487.7,2,100,C,Ecto,3.40826
28487.7,2,1000,C,Ecto,70444
28487.7,2,10000,C,Ecto,4.94669
60079.9,2,1000,H,Ecto,432474
60079.9,2,10000,H,Ecto,270.301
60079.9,2,1000,H,Endo,1.65119e+06
60079.9,2,10000,H,Endo,1.1496e+07
60079.9,2,100000,H,Endo,1.36527e+06
60079.9,2,1000,O,Ecto,32629.8
60079.9,2,10000,O,Endo,15258.7
60079.9,2,1000,C,Ecto,2.106e+06
60079.9,2,10000,C,Ecto,2856.81
17887.1,2,100,H,Ecto,42223.9
17887.1,2,1000,H,Ecto,6.538e+06
17887.1,2,1000,H,Endo,326940
17887.1,2,10000,H,Endo,3.28676e+06
17887.1,2,100000,H,Endo,13843.1
17887.1,2,100,O,Ecto,271.187
17887.1,2,1000,O,Ecto,176460
17887.1,2,10000,O,Endo,2645.77
17887.1,2,100,C,Ecto,219.105
17887.1,2,1000,C,Ecto,1.04827e+06
17887.1,2,10000,C,Ecto,5588.65
55319.9,2,100,H,Ecto,43223.9
55319.9,2,1000,H,Ecto,7.86597e+06
55319.9,2,1000,H,Endo,1.08148e+06
55319.9,2,10000,H,Endo,6.86414e+06
55319.9,2,100000,H,Endo,42041.9
55319.9,2,100,O,Ecto,181.898
55319.9,2,1000,O,Ecto,261522
55319.9,2,10000,O,Endo,9876.3
55319.9,2,100,C,Ecto,193.196
55319.9,2,1000,C,Ecto,1.86439e+06
55319.9,2,10000,C,Ecto,9694.52
14058.5,2,10,H,Ecto,7748.06
14058.5,2,100,H,Ecto,1.28036e+06
14058.5,2,1000,H,Ecto,2.16638e+07
14058.5,2,10000,H,Ecto,640580
14058.5,2,1000,H,Endo,192.267
14058.5,2,10000,H,Endo,5.43704e+06
14058.5,2,100,O,Ecto,123457
14058.5,2,1000,O,Ecto,1.11444e+06
14058.5,2,100,C,Ecto,7938.4
14058.5,2,1000,C,Ecto,692739
14058.5,2,10000,C,Ecto,3.01174e+06
50174.9,2,100,H,Ecto,18.9123
50174.9,2,1000,H,Ecto,2.07153e+07
50174.9,2,1000,H,Endo,3.36421e+08
50174.9,2,10000,H,Endo,526490
50174.9,2,100,O,Ecto,19206.4
50174.9,2,1000,O,Ecto,9.34146e+07
50174.9,2,10000,O,Ecto,274.515
50174.9,2,1000,O,Endo,846655
50174.9,2,10000,O,Endo,4.78998e+07
50174.9,2,100,C,Ecto,0.00573324
50174.9,2,1000,C,Ecto,2.72666e+07
50174.9,2,10000,C,Ecto,2.63156e+07
9780.43,2,100,H,Ecto,213570
9780.43,2,1000,H,Ecto,451036
9780.43,2,10000,H,Ecto,102.185
9780.43,2,10000,H,Endo,1.93003e+07
9780.43,2,100,O,Ecto,67054.8
9780.43,2,1000,O,Ecto,1.71775e+06
9780.43,2,10000,O,Ecto,29228.4
9780.43,2,1000,O,Endo,5.71213e-09
9780.43,2,1000,C,Ecto,46388.6
9780.43,2,10000,C,Ecto,8277.38
85679.5,2,1000,H,Ecto,2.9974e+06
85679.5,2,10000,H,Ecto,1.8749
85679.5,2,10000,H,Endo,25947.6
85679.5,2,1000,O,Ecto,816110
85679.5,2,10000,O,Ecto,1493.45
85679.5,2,1000,O,Endo,739.708
85679.5,2,10000,O,Endo,18805
85679.5,2,1000,C,Ecto,7333.19
85679.5,2,10000,C,Ecto,1063.93
14645.3,2,100,H,Ecto,1.4103e+06
14645.3,2,1000,H,Ecto,1.32355e+07
14645.3,2,10000,H,Ecto,11.6584
14645.3,2,10000,H,Endo,2.16728e+08
14645.3,2,100,O,Ecto,59082.5
14645.3,2,1000,O,Ecto,1.6198e+07
14645.3,2,10000,O,Ecto,64200.3
14645.3,2,1000,O,Endo,0.128812
14645.3,2,1000,C,Ecto,1.34803e+06
14645.3,2,10000,C,Ecto,252747
5688.13,2,100,H,Ecto,52.3014
5688.13,2,1000,H,Ecto,260.776
5688.13,2,10000,H,Ecto,0.208211
5688.13,2,10000,H,Endo,6538.71
5688.13,2,100,O,Ecto,64.2635
5688.13,2,1000,O,Ecto,415.959
5688.13,2,10000,O,Ecto,40.3781
5688.13,2,100,C,Ecto,0.0214304
5688.13,2,1000,C,Ecto,17.0913
5688.13,2,10000,C,Ecto,1.12893
13548.7,2,100,H,Ecto,722468
13548.7,2,1000,H,Ecto,1.03076e+06
13548.7,2,10000,H,Ecto,16487.6
13548.7,2,1000,H,Endo,0.00849982
13548.7,2,10000,H,Endo,11248.3
13548.7,2,100,O,Ecto,884659
13548.7,2,1000,O,Ecto,50910.1
13548.7,2,10000,O,Ecto,1463.18
13548.7,2,10000,O,Endo,4.75913
13548.7,2,100,C,Ecto,275103
13548.7,2,1000,C,Ecto,740826
13548.7,2,10000,C,Ecto,465147
31134.4,2,10,H,Ecto,31.1764
31134.4,2,100,H,Ecto,8456.23
31134.4,2,1000,H,Ecto,14594.9
31134.4,2,10000,H,Ecto,4.95766
31134.4,2,1000,H,Endo,2.4574e-06
31134.4,2,10000,H,Endo,1.22015
31134.4,2,10,O,Ecto,0.0644226
31134.4,2,100,O,Ecto,1593.7
31134.4,2,1000,O,Ecto,13.6324
31134.4,2,10000,O,Ecto,0.0300211
31134.4,2,10,C,Ecto,0.0112698
31134.4,2,100,C,Ecto,293.004
31134.4,2,1000,C,Ecto,257.54
31134.4,2,10000,C,Ecto,61.9081
26064.9,2,10,H,Ecto,2843.1
26064.9,2,100,H,Ecto,1.11002e+06
26064.9,2,1000,H,Ecto,1.45918e+06
26064.9,2,10000,H,Ecto,304.501
26064.9,2,1000,H,Endo,0.000116947
26064.9,2,10000,H,Endo,52.2937
26064.9,2,10,O,Ecto,37.062
26064.9,2,100,O,Ecto,94018
26064.9,2,1000,O,Ecto,644.815
26064.9,2,10000,O,Ecto,78.0835
26064.9,2,10,C,Ecto,1.04147
26064.9,2,100,C,Ecto,18184
26064.9,2,1000,C,Ecto,16033.9
26064.9,2,10000,C,Ecto,2385.05
18908.6,2,10,H,Ecto,228
18908.6,2,100,H,Ecto,82210.9
18908.6,2,1000,H,Ecto,111613
18908.6,2,10000,H,Ecto,67.5284
18908.6,2,1000,H,Endo,3.62324e-05
18908.6,2,10000,H,Endo,20.1406
18908.6,2,10,O,Ecto,2.96695
18908.6,2,100,O,Ecto,18721.6
18908.6,2,1000,O,Ecto,357.347
18908.6,2,10000,O,Ecto,18.3533
18908.6,2,10,C,Ecto,0.0739858
18908.6,2,100,C,Ecto,3246.56
18908.6,2,1000,C,Ecto,3383.19
18908.6,2,10000,C,Ecto,966.213
21269.4,2,100,H,Ecto,88.0253
21269.4,2,1000,H,Ecto,2.39402e+06
21269.4,2,1000,H,Endo,4.27285e+06
21269.4,2,10000,H,Endo,1.08234e+07
21269.4,2,100000,H,Endo,2.57877e+06
21269.4,2,100,O,Ecto,9801.75
21269.4,2,1000,O,Ecto,4.47368e+06
21269.4,2,10000,O,Endo,259310
21269.4,2,100,C,Ecto,244.355
21269.4,2,1000,C,Ecto,2.66475e+06
21269.4,2,10000,C,Ecto,7.99744e+06
54056.5,2,100,H,Ecto,117100
54056.5,2,1000,H,Ecto,1.29346e+06
54056.5,2,1000,H,Endo,1.72035e+06
54056.5,2,10000,H,Endo,1.12181e+07
54056.5,2,100,O,Ecto,721897
54056.5,2,1000,O,Ecto,2.37812e+06
54056.5,2,10000,O,Endo,352.646
54056.5,2,10,C,Ecto,0.00359723
54056.5,2,100,C,Ecto,3595.21
54056.5,2,1000,C,Ecto,1.8937e+06
54056.5,2,10000,C,Ecto,94292.1
42957.2,2,100,H,Ecto,0.23142
42957.2,2,1000,H,Ecto,67465.2
42957.2,2,1000,H,Endo,56375.7
42957.2,2,10000,H,Endo,531078
42957.2,2,100000,H,Endo,102441
42957.2,2,100,O,Ecto,64.1229
42957.2,2,1000,O,Ecto,57024.4
42957.2,2,10000,O,Endo,3704.58
42957.2,2,100,C,Ecto,1.67713
42957.2,2,1000,C,Ecto,40361.1
42957.2,2,10000,C,Ecto,248115
13213.2,2,10,H,Ecto,307.951
13213.2,2,100,H,Ecto,1.37468e+06
13213.2,2,1000,H,Ecto,629065
13213.2,2,1000,H,Endo,23283.6
13213.2,2,10000,H,Endo,2.65817e+06
13213.2,2,10,O,Ecto,207116
13213.2,2,100,O,Ecto,738238
13213.2,2,1000,O,Ecto,921067
13213.2,2,10,C,Ecto,0.0628608
13213.2,2,100,C,Ecto,135828
13213.2,2,1000,C,Ecto,42686.8
13213.2,2,10000,C,Ecto,15622.5
65579,2,1000,H,Ecto,193685
65579,2,1000,H,Endo,2.69645e+06
65579,2,10000,H,Endo,9.21502e+06
65579,2,100000,H,Endo,471929
65579,2,1000,O,Ecto,9337.22
65579,2,10000,O,Endo,5640.5
65579,2,1000,C,Ecto,11769.6
65579,2,10000,C,Ecto,1.71449e+06
97850.7,2,1000,H,Ecto,21099.1
97850.7,2,10000,H,Ecto,114.905
97850.7,2,1000,H,Endo,2.53518e+06
97850.7,2,10000,H,Endo,250861
97850.7,2,100000,H,Endo,4.35201
97850.7,2,1000,O,Ecto,5.86101
97850.7,2,10000,O,Endo,10529.5
97850.7,2,1000,C,Ecto,4.41686
97850.7,2,10000,C,Ecto,1.80836e+06
44382.7,2,100,H,Ecto,3.51566e+06
44382.7,2,1000,H,Ecto,2.39602e+08
44382.7,2,1000,H,Endo,4.49412e+06
44382.7,2,10000,H,Endo,2.70602e+08
44382.7,2,100000,H,Endo,1.58454e+06
44382.7,2,100,O,Ecto,1.10627e+07
44382.7,2,1000,O,Ecto,4.29298e+07
44382.7,2,10000,O,Ecto,6.35964e+06
44382.7,2,100,C,Ecto,1.00726e+07
44382.7,2,1000,C,Ecto,9.54516e+07
44382.7,2,10000,C,Ecto,4.04293e+07
40082.1,2,1000,H,Ecto,779907
40082.1,2,10000,H,Ecto,910239
40082.1,2,1000,H,Endo,329.285
40082.1,2,10000,H,Endo,2.83061e+06
40082.1,2,100000,H,Endo,371122
40082.1,2,100,O,Ecto,132.089
40082.1,2,1000,O,Ecto,74791.2
40082.1,2,10000,O,Ecto,94018.9
40082.1,2,10000,O,Endo,562.537
40082.1,2,1000,C,Ecto,537435
40082.1,2,10000,C,Ecto,672900
57245.1,2,100,H,Ecto,1.65096e+06
57245.1,2,1000,H,Ecto,1.04673e+06
57245.1,2,10000,H,Ecto,11711.4
57245.1,2,1000,H,Endo,3703.34
57245.1,2,10000,H,Endo,289740
57245.1,2,100,O,Ecto,88389.6
57245.1,2,1000,O,Ecto,44822.8
57245.1,2,10000,O,Ecto,278.248
57245.1,2,100,C,Ecto,28.2137
57245.1,2,1000,C,Ecto,51386.9
57245.1,2,10000,C,Ecto,346288
71779.5,2,100,H,Ecto,1.13834e+07
71779.5,2,1000,H,Ecto,1.35593e+07
71779.5,2,1000,H,Endo,287.779
71779.5,2,100000,H,Endo,1.33637e+06
71779.5,2,100,O,Ecto,1.9935e+07
71779.5,2,1000,O,Ecto,2.9474e+07
71779.5,2,10000,O,Endo,3.16681e-08
71779.5,2,100,C,Ecto,20739.2
71779.5,2,1000,C,Ecto,9.12018e+06
71779.5,2,10000,C,Ecto,104626
22908.5,2,100,H,Ecto,105663
22908.5,2,1000,H,Ecto,5.47634e+06
22908.5,2,10000,H,Ecto,10339.4
22908.5,2,100,O,Ecto,2.52365e+06
22908.5,2,1000,O,Ecto,629705
22908.5,2,10000,O,Ecto,5755.78
22908.5,2,100,C,Ecto,218235
22908.5,2,1000,C,Ecto,66701.2
22908.5,2,10000,C,Ecto,20.2809
44554,2,100,H,Ecto,72529.2
44554,2,1000,H,Ecto,4.40479e+06
44554,2,10000,H,Ecto,7.42385e+06
44554,2,10000,H,Endo,213507
44554,2,1000,O,Ecto,64309.7
44554,2,10000,O,Ecto,500.701
44554,2,10000,O,Endo,6.00007e+06
44554,2,1000,C,Ecto,95491.9
44554,2,10000,C,Ecto,3715.87
15704.2,2,100,H,Ecto,1.01697e+06
15704.2,2,1000,H,Ecto,6.75499e+07
15704.2,2,10000,H,Ecto,215966
15704.2,2,10000,H,Endo,0.471869
15704.2,2,100,O,Ecto,2.04198e+07
15704.2,2,1000,O,Ecto,273871
15704.2,2,10000,O,Ecto,70429.4
15704.2,2,10000,O,Endo,170085
15704.2,2,100,C,Ecto,73895.7
15704.2,2,1000,C,Ecto,796819
15704.2,2,10000,C,Ecto,193100
15704.2,2,10,H,Ecto,16269.8
15704.2,2,100,H,Ecto,6.74607e+06
15704.2,2,1000,H,Ecto,8.47371e+07
15704.2,2,10000,H,Ecto,334.402
15704.2,2,10000,H,Endo,0.0029634
15704.2,2,10,O,Ecto,197033
15704.2,2,100,O,Ecto,3.86076e+07
15704.2,2,1000,O,Ecto,2.04921e+07
15704.2,2,10000,O,Ecto,87.4067
15704.2,2,100,C,Ecto,4.91544e+06
15704.2,2,1000,C,Ecto,5.76626e+06
15704.2,2,10000,C,Ecto,35701.6
95012.9,2,100,H,Ecto,3.59823e+06
95012.9,2,1000,H,Ecto,1.14352e+08
95012.9,2,10000,H,Ecto,1.20116e+07
95012.9,2,10000,H,Endo,4889.4
95012.9,2,100,O,Ecto,1.44231e+07
95012.9,2,1000,O,Ecto,764971
95012.9,2,10000,O,Ecto,74070.2
95012.9,2,10000,O,Endo,9.53679e+06
95012.9,2,1000,C,Ecto,2.73635e+06
95012.9,2,10000,C,Ecto,456845
14547.2,2,100,H,Ecto,337284
14547.2,2,1000,H,Ecto,1.5999e+06
14547.2,2,10000,H,Ecto,314408
14547.2,2,10000,H,Endo,414896
14547.2,2,100,O,Ecto,864331
14547.2,2,1000,O,Ecto,3.40818e+06
14547.2,2,10000,O,Ecto,3.52124e+06
14547.2,2,100,C,Ecto,280.183
14547.2,2,1000,C,Ecto,1.59059e+07
14547.2,2,10000,C,Ecto,1324.89
24039.2,2,100,H,Ecto,73.8978
24039.2,2,1000,H,Ecto,2819.83
24039.2,2,10000,H,Ecto,385.806
24039.2,2,10000,H,Endo,3384.13
24039.2,2,100,O,Ecto,166.023
24039.2,2,1000,O,Ecto,722.682
24039.2,2,10000,O,Ecto,4153.79
24039.2,2,10000,O,Endo,0.0164282
24039.2,2,100,C,Ecto,0.0262319
24039.2,2,1000,C,Ecto,3994.6
24039.2,2,10000,C,Ecto,0.210359
83269.3,2,1000,H,Ecto,5265.24
83269.3,2,10000,H,Ecto,20.0766
83269.3,2,1000,H,Endo,220.212
83269.3,2,10000,H,Endo,1.17049e+07
83269.3,2,100000,H,Endo,23020.2
83269.3,2,1000,O,Ecto,23132.6
83269.3,2,10000,O,Ecto,5.40269
83269.3,2,1000,O,Endo,0.00248147
83269.3,2,10000,O,Endo,2343.23
83269.3,2,1000,C,Ecto,7.20835e+06
83269.3,2,10000,C,Ecto,12892
6101.52,2,100,H,Ecto,102.033
6101.52,2,1000,H,Ecto,187.407
6101.52,2,10000,H,Ecto,0.0193116
6101.52,2,100,O,Ecto,202.668
6101.52,2,1000,O,Ecto,336.325
6101.52,2,10000,O,Ecto,0.0306667
6101.52,2,10000,O,Endo,1.54754e-05
6101.52,2,100,C,Ecto,0.701278
6101.52,2,1000,C,Ecto,207.156
6101.52,2,10000,C,Ecto,9.74164
50894,2,1000,H,Ecto,29.1169
50894,2,10000,H,Ecto,0.183507
50894,2,1000,H,Endo,0.270668
50894,2,10000,H,Endo,1089.92
50894,2,1000,O,Ecto,102.41
50894,2,10000,O,Ecto,0.0676373
50894,2,1000,O,Endo,4.9979e-07
50894,2,10000,O,Endo,0.0741694
50894,2,1000,C,Ecto,7069.98
50894,2,10000,C,Ecto,8.23402
42740.3,2,1000,H,Ecto,2821.17
42740.3,2,10000,H,Ecto,16.243
42740.3,2,1000,H,Endo,3.88953
42740.3,2,10000,H,Endo,17531.6
42740.3,2,1000,O,Ecto,9279.54
42740.3,2,10000,O,Ecto,0.526499
42740.3,2,1000,O,Endo,2.13365e-05
42740.3,2,10000,O,Endo,1.23147
42740.3,2,1000,C,Ecto,334967
42740.3,2,10000,C,Ecto,656.972
68160.6,2,1000,H,Ecto,10.2265
68160.6,2,10000,H,Ecto,0.0102706
68160.6,2,1000,H,Endo,0.496006
68160.6,2,10000,H,Endo,18576.2
68160.6,2,100000,H,Endo,20.6181
68160.6,2,1000,O,Ecto,53.8497
68160.6,2,10000,O,Ecto,0.0152569
68160.6,2,1000,O,Endo,5.18982e-06
68160.6,2,10000,O,Endo,3.34152
68160.6,2,1000,C,Ecto,14864.1
68160.6,2,10000,C,Ecto,22.182
24039.2,2,100,H,Ecto,23097.8
24039.2,2,1000,H,Ecto,4.2346e+06
24039.2,2,10000,H,Ecto,122050
24039.2,2,1000,H,Endo,115860
24039.2,2,10000,H,Endo,222569
24039.2,2,1000,O,Ecto,159992
24039.2,2,10000,O,Ecto,119899
24039.2,2,10000,O,Endo,0.042968
24039.2,2,100,C,Ecto,68.407
24039.2,2,1000,C,Ecto,133901
24039.2,2,10000,C,Ecto,301584
12467.8,2,100,H,Ecto,8979.47
12467.8,2,1000,H,Ecto,93776.4
12467.8,2,10000,H,Ecto,185.984
12467.8,2,1000,H,Endo,4099.52
12467.8,2,10000,H,Endo,633.502
12467.8,2,100,O,Ecto,95.128
12467.8,2,1000,O,Ecto,42352.1
12467.8,2,10000,O,Ecto,17557.5
12467.8,2,10000,O,Endo,6.75582e-05
12467.8,2,100,C,Ecto,152.912
12467.8,2,1000,C,Ecto,16618.5
12467.8,2,10000,C,Ecto,23206.6
26453.8,2,10,H,Ecto,1947.76
26453.8,2,100,H,Ecto,13905.7
26453.8,2,1000,H,Ecto,22442.7
26453.8,2,10,O,Ecto,534.732
26453.8,2,100,O,Ecto,222.792
26453.8,2,1000,O,Ecto,0.021502
26453.8,2,10,C,Ecto,222.865
26453.8,2,100,C,Ecto,120.915
26453.8,2,1000,C,Ecto,37.2797
26453.8,2,10000,C,Ecto,1949.8
42663.6,2,100,H,Ecto,1677.57
42663.6,2,1000,H,Ecto,1.24557e+07
42663.6,2,10000,H,Ecto,2.19326e+07
42663.6,2,1000,H,Endo,1.10351e+06
42663.6,2,10000,H,Endo,1.9215e+07
42663.6,2,1000,O,Ecto,27465.3
42663.6,2,10000,O,Ecto,24639.6
42663.6,2,10000,O,Endo,152.021
42663.6,2,100,C,Ecto,5.42558
42663.6,2,1000,C,Ecto,5.07585e+06
42663.6,2,10000,C,Ecto,206027
50894,2,100,H,Ecto,11010
50894,2,1000,H,Ecto,2.1766e+06
50894,2,10000,H,Ecto,1287.72
50894,2,1000,H,Endo,5.50149
50894,2,10000,H,Endo,1.89345e+06
50894,2,100,O,Ecto,1230.66
50894,2,1000,O,Ecto,113981
50894,2,100,C,Ecto,1.56019
50894,2,1000,C,Ecto,20.4352
50894,2,10000,C,Ecto,3.17696e+06
47698.8,2,100,H,Ecto,11.5329
47698.8,2,1000,H,Ecto,2476.04
47698.8,2,1000,H,Endo,2.83957
47698.8,2,10000,H,Endo,7325.34
47698.8,2,1000,O,Ecto,74.9447
47698.8,2,10000,O,Ecto,17.496
47698.8,2,1000,O,Endo,223.567
47698.8,2,10000,O,Endo,298.17
47698.8,2,1000,C,Ecto,1842.03
47698.8,2,10000,C,Ecto,13.6089
5377.35,2,10,H,Ecto,12.2128
5377.35,2,100,H,Ecto,2810.13
5377.35,2,1000,H,Ecto,107.176
5377.35,2,1000,H,Endo,3.33691
5377.35,2,10000,H,Endo,2.19204
5377.35,2,10,O,Ecto,8.99484
5377.35,2,100,O,Ecto,695.574
5377.35,2,1000,O,Ecto,9021.05
5377.35,2,10,C,Ecto,2.61816e-08
5377.35,2,100,C,Ecto,2012.62
5377.35,2,1000,C,Ecto,2236.41
5377.35,2,10000,C,Ecto,0.0131464
15516.7,2,100,H,Ecto,1.06141e+07
15516.7,2,1000,H,Ecto,9.81877e+07
15516.7,2,1000,H,Endo,326129
15516.7,2,10000,H,Endo,1.75501e+08
15516.7,2,100,O,Ecto,4.48716e+06
15516.7,2,1000,O,Ecto,1.96738e+07
15516.7,2,10000,O,Ecto,61.1953
15516.7,2,1000,O,Endo,65952.7
15516.7,2,100,C,Ecto,176418
15516.7,2,1000,C,Ecto,3.11291e+07
15516.7,2,10000,C,Ecto,421460
49970.2,2,100,H,Ecto,8981.88
49970.2,2,1000,H,Ecto,1.99561e+06
49970.2,2,1000,H,Endo,1759.5
49970.2,2,10000,H,Endo,2.04938e+07
49970.2,2,1000,O,Ecto,67701.8
49970.2,2,10000,O,Ecto,14379.9
49970.2,2,1000,O,Endo,450684
49970.2,2,10000,O,Endo,212755
49970.2,2,1000,C,Ecto,1.53057e+06
49970.2,2,10000,C,Ecto,12582.4
5747.76,2,10,H,Ecto,162.227
5747.76,2,100,H,Ecto,7.64512e+06
5747.76,2,1000,H,Ecto,1.04312e+06
5747.76,2,1000,H,Endo,36150.6
5747.76,2,10000,H,Endo,183579
5747.76,2,100,O,Ecto,1.43243e+06
5747.76,2,1000,O,Ecto,2.26065e+07
5747.76,2,1000,O,Endo,2.9205
5747.76,2,100,C,Ecto,2.33572e+06
5747.76,2,1000,C,Ecto,1.36014e+07
5747.76,2,10000,C,Ecto,2659.03
24148.8,2,100,H,Ecto,41634
24148.8,2,1000,H,Ecto,56110.5
24148.8,2,10000,H,Ecto,386.27
24148.8,2,100,O,Ecto,83298
24148.8,2,1000,O,Ecto,18453.1
24148.8,2,10000,O,Endo,12.3456
24148.8,2,100,C,Ecto,81.3826
24148.8,2,1000,C,Ecto,172801
24148.8,2,10000,C,Ecto,385595
16044,2,100,H,Ecto,2885.22
16044,2,1000,H,Ecto,40741.8
16044,2,10000,H,Ecto,15.3901
16044,2,1000,H,Endo,1.87152
16044,2,10000,H,Endo,13517.3
16044,2,100000,H,Endo,352.912
16044,2,100,O,Ecto,31.3077
16044,2,1000,O,Ecto,128929
16044,2,10000,O,Endo,376.976
16044,2,100,C,Ecto,0.00780907
16044,2,1000,C,Ecto,31448.7
16044,2,10000,C,Ecto,50333.9
22794.9,2,100,H,Ecto,277330
22794.9,2,1000,H,Ecto,1.24323e+07
22794.9,2,10000,H,Ecto,4794.3
22794.9,2,1000,H,Endo,133855
22794.9,2,10000,H,Endo,6.96197e+06
22794.9,2,100000,H,Endo,113076
22794.9,2,100,O,Ecto,3213.24
22794.9,2,1000,O,Ecto,2.04826e+07
22794.9,2,10000,O,Endo,73703.5
22794.9,2,100,C,Ecto,23.4473
22794.9,2,1000,C,Ecto,5.42079e+06
22794.9,2,10000,C,Ecto,9.22078e+06
64562.3,2,10,H,Ecto,599421
64562.3,2,100,H,Ecto,1.2726e+07
64562.3,2,1000,H,Ecto,3.25011e+06
64562.3,2,10000,H,Ecto,852.662
64562.3,2,10,O,Ecto,70151.7
64562.3,2,100,O,Ecto,7.53693e+06
64562.3,2,1000,O,Ecto,7.34766e+06
64562.3,2,100,C,Ecto,3217.15
64562.3,2,1000,C,Ecto,777381
64562.3,2,10000,C,Ecto,930139
46480.7,2,100,H,Ecto,27487.4
46480.7,2,1000,H,Ecto,1.16913e+06
46480.7,2,10000,H,Ecto,629.908
46480.7,2,1000,H,Endo,123.116
46480.7,2,10000,H,Endo,1.15994e+06
46480.7,2,100000,H,Endo,12858.6
46480.7,2,100,O,Ecto,317.752
46480.7,2,1000,O,Ecto,2.21277e+06
46480.7,2,10000,O,Endo,5526.29
46480.7,2,100,C,Ecto,1.5155
46480.7,2,1000,C,Ecto,422273
46480.7,2,10000,C,Ecto,841219
17429.9,2,100,H,Ecto,605872
17429.9,2,1000,H,Ecto,3.06598e+06
17429.9,2,10000,H,Ecto,8482.2
17429.9,2,1000,H,Endo,14550.6
17429.9,2,10000,H,Endo,32023.5
17429.9,2,100,O,Ecto,681294
17429.9,2,1000,O,Ecto,1.23319e+06
17429.9,2,10000,O,Endo,38.3756
17429.9,2,100,C,Ecto,113672
17429.9,2,1000,C,Ecto,248102
17429.9,2,10000,C,Ecto,123528
13226.9,2,100,H,Ecto,208021
13226.9,2,1000,H,Ecto,7.30387e+06
13226.9,2,10000,H,Ecto,330368
13226.9,2,1000,H,Endo,198638
13226.9,2,10000,H,Endo,9.76541e+06
13226.9,2,100000,H,Endo,466664
13226.9,2,100,O,Ecto,1.02416e+06
13226.9,2,1000,O,Ecto,3.79795e+06
13226.9,2,10000,O,Endo,11963.2
13226.9,2,100,C,Ecto,261609
13226.9,2,1000,C,Ecto,1.11763e+06
13226.9,2,10000,C,Ecto,1.37444e+06
44382.7,2,1000,H,Ecto,1.54065e+06
44382.7,2,10000,H,Ecto,22656.5
44382.7,2,1000,H,Endo,2082.01
44382.7,2,10000,H,Endo,5.48e+07
44382.7,2,100000,H,Endo,1.06493e+08
44382.7,2,1000,O,Ecto,4.16534e+06
44382.7,2,10000,O,Endo,878429
44382.7,2,1000,C,Ecto,187640
44382.7,2,10000,C,Ecto,652953
42322.6,2,100,H,Ecto,911.628
42322.6,2,1000,H,Ecto,307107
42322.6,2,10000,H,Ecto,18789.1
42322.6,2,1000,H,Endo,1154.21
42322.6,2,10000,H,Endo,3.90893e+06
42322.6,2,100000,H,Endo,3.82678e+06
42322.6,2,100,O,Ecto,6376.15
42322.6,2,1000,O,Ecto,642875
42322.6,2,10000,O,Endo,7689.35
42322.6,2,100,C,Ecto,895.487
42322.6,2,1000,C,Ecto,19691.8
42322.6,2,10000,C,Ecto,52596.7
35651.1,2,10,H,Ecto,465.431
35651.1,2,100,H,Ecto,9129.02
35651.1,2,1000,H,Ecto,32602.3
35651.1,2,10000,H,Ecto,0.090799
35651.1,2,1000,H,Endo,0.0854689
35651.1,2,100,O,Ecto,1363.02
35651.1,2,1000,O,Ecto,288.551
35651.1,2,10,C,Ecto,4.86808
35651.1,2,100,C,Ecto,7.18919
35651.1,2,1000,C,Ecto,16.069
35651.1,2,10000,C,Ecto,2048.27
44508.1,2,100,H,Ecto,3035.01
44508.1,2,1000,H,Ecto,107413
44508.1,2,10000,H,Ecto,6866.43
44508.1,2,1000,H,Endo,2576.09
44508.1,2,10000,H,Endo,118867
44508.1,2,100000,H,Endo,13625.8
44508.1,2,100,O,Ecto,13928.4
44508.1,2,1000,O,Ecto,60341.8
44508.1,2,10000,O,Endo,227.213
44508.1,2,100,C,Ecto,3246.36
44508.1,2,1000,C,Ecto,14529.3
44508.1,2,10000,C,Ecto,19482.4
21908.1,2,100,H,Ecto,898534
21908.1,2,1000,H,Ecto,2.96097e+06
21908.1,2,10000,H,Ecto,32.5885
21908.1,2,1000,H,Endo,55.3535
21908.1,2,10000,H,Endo,8.06775
21908.1,2,100,O,Ecto,125461
21908.1,2,1000,O,Ecto,106051
21908.1,2,10000,O,Endo,5.31288e-06
21908.1,2,10,C,Ecto,5.82082e-06
21908.1,2,100,C,Ecto,2816.26
21908.1,2,1000,C,Ecto,4169.24
21908.1,2,10000,C,Ecto,123711
18987.6,2,100,H,Ecto,1015.98
18987.6,2,1000,H,Ecto,119148
18987.6,2,10000,H,Ecto,6509.25
18987.6,2,1000,H,Endo,1160.01
18987.6,2,10000,H,Endo,140774
18987.6,2,100000,H,Endo,21788.1
18987.6,2,100,O,Ecto,11394.4
18987.6,2,1000,O,Ecto,46485.2
18987.6,2,10000,O,Endo,200.609
18987.6,2,100,C,Ecto,1193.97
18987.6,2,1000,C,Ecto,6660.03
18987.6,2,10000,C,Ecto,9129.73
35078.4,2,100,H,Ecto,2974.4
35078.4,2,1000,H,Ecto,5.75886e+06
35078.4,2,1000,H,Endo,1.18673e+06
35078.4,2,10000,H,Endo,6.11016e+07
35078.4,2,100000,H,Endo,488988
35078.4,2,1000,O,Ecto,174771
35078.4,2,10000,O,Ecto,7955.29
35078.4,2,10000,O,Endo,945610
35078.4,2,1000,C,Ecto,3.49866e+06
35078.4,2,10000,C,Ecto,536.762
23130.5,2,100,H,Ecto,1.12898e+06
23130.5,2,1000,H,Ecto,2.6171e+07
23130.5,2,1000,H,Endo,2.1593e+06
23130.5,2,10000,H,Endo,2.55256e+07
23130.5,2,100000,H,Endo,17133.6
23130.5,2,100,O,Ecto,4.38868e+06
23130.5,2,1000,O,Ecto,9.98262e+06
23130.5,2,10000,O,Ecto,1.85057e+06
23130.5,2,100,C,Ecto,2.21319e+06
23130.5,2,1000,C,Ecto,1.89006e+07
23130.5,2,10000,C,Ecto,1.32638e+07
41586.4,2,1000,H,Ecto,300554
41586.4,2,10000,H,Endo,1.77684e+07
41586.4,2,100,O,Ecto,60018.2
41586.4,2,1000,O,Ecto,353118
41586.4,2,10000,O,Ecto,1.58848e+06
41586.4,2,10000,O,Endo,0.648817
41586.4,2,1000,C,Ecto,146790
41586.4,2,10000,C,Ecto,1.07602e+06
78516.2,2,1000,H,Ecto,32051.5
78516.2,2,10000,H,Endo,1.8287e+07
78516.2,2,1000,O,Ecto,22070.5
78516.2,2,10000,O,Ecto,102069
78516.2,2,10000,O,Endo,27.3956
78516.2,2,1000,C,Ecto,9289.45
78516.2,2,10000,C,Ecto,83152.7
34596.7,2,100,H,Ecto,7537.77
34596.7,2,1000,H,Ecto,170599
34596.7,2,10000,H,Ecto,0.193865
34596.7,2,100,O,Ecto,55879.8
34596.7,2,1000,O,Ecto,13224.6
34596.7,2,10000,O,Ecto,2782.07
34596.7,2,100,C,Ecto,1.45548
34596.7,2,1000,C,Ecto,10468.5
34596.7,2,10000,C,Ecto,2629.59
48076.3,2,100,H,Ecto,9001.33
48076.3,2,1000,H,Ecto,215095
48076.3,2,1000,H,Endo,17013.5
48076.3,2,10000,H,Endo,1.68417e+07
48076.3,2,100,O,Ecto,86408.1
48076.3,2,1000,O,Ecto,12191.7
48076.3,2,10000,O,Ecto,0.440601
48076.3,2,1000,O,Endo,0.0317751
48076.3,2,1000,C,Ecto,11296.6
48076.3,2,10000,C,Ecto,9696.81
9242.05,2,100,H,Ecto,35294.3
9242.05,2,1000,H,Ecto,366564
9242.05,2,1000,H,Endo,3.03772
9242.05,2,10000,H,Endo,932263
9242.05,2,100,O,Ecto,129929
9242.05,2,1000,O,Ecto,19143.6
9242.05,2,100,C,Ecto,11444.7
9242.05,2,1000,C,Ecto,12159.7
64945,2,1000,H,Ecto,1.65791e+07
64945,2,1000,H,Endo,1.34713e+08
64945,2,10000,H,Endo,1.28886e+09
64945,2,1000,O,Ecto,12242.7
64945,2,10000,O,Ecto,7984.46
64945,2,1000,O,Endo,361.924
64945,2,10000,O,Endo,24330.4
64945,2,1000,C,Ecto,470402
64945,2,10000,C,Ecto,6.54358e+07
64945,2,100000,C,Ecto,839040
38483.5,2,100,H,Ecto,160.768
38483.5,2,1000,H,Ecto,178673
38483.5,2,1000,H,Endo,137178
38483.5,2,10000,H,Endo,1.08996e+07
38483.5,2,100,O,Ecto,9156.57
38483.5,2,1000,O,Ecto,1937.25
38483.5,2,10000,O,Ecto,19.646
38483.5,2,1000,O,Endo,1.26355
38483.5,2,10000,O,Endo,6.30291
38483.5,2,1000,C,Ecto,12698.7
38483.5,2,10000,C,Ecto,267013
38483.5,2,100000,C,Ecto,549.235
46820.5,2,100,H,Ecto,76.0461
46820.5,2,1000,H,Ecto,7384.92
46820.5,2,10000,H,Ecto,1522.89
46820.5,2,1000,H,Endo,637.071
46820.5,2,10000,H,Endo,1.63647e+07
46820.5,2,1000,O,Ecto,3.86064e+06
46820.5,2,100,C,Ecto,0.108888
46820.5,2,1000,C,Ecto,1.76914e+07
46820.5,2,10000,C,Ecto,290736
54608.8,2,1000,H,Ecto,362585
54608.8,2,10000,H,Ecto,3339.21
54608.8,2,1000,H,Endo,23196.4
54608.8,2,10000,H,Endo,200120
54608.8,2,1000,O,Ecto,3623.66
54608.8,2,10000,O,Ecto,1762.28
54608.8,2,1000,C,Ecto,225.102
54608.8,2,10000,C,Ecto,1.88964
53907.3,2,1000,H,Ecto,337163
53907.3,2,10000,H,Ecto,645480
53907.3,2,1000,H,Endo,1475.1
53907.3,2,10000,H,Endo,5.56957e+07
53907.3,2,1000,O,Ecto,1.00942e+06
53907.3,2,1000,C,Ecto,595818
53907.3,2,10000,C,Ecto,1.5521e+06
17305.1,2,100,H,Ecto,7002.95
17305.1,2,1000,H,Ecto,38032.3
17305.1,2,1000,H,Endo,105168
17305.1,2,100,O,Ecto,5400.66
17305.1,2,1000,O,Ecto,47682.3
17305.1,2,100,C,Ecto,1808.84
17305.1,2,1000,C,Ecto,94543.4
17305.1,2,10000,C,Ecto,18485.6
46628,2,100,H,Ecto,974.915
46628,2,1000,H,Ecto,3.8145e+07
46628,2,1000,H,Endo,2.79568e+07
46628,2,10000,H,Endo,652033
46628,2,100,O,Ecto,0.216111
46628,2,1000,O,Ecto,212138
46628,2,10000,O,Endo,12.5052
46628,2,1000,C,Ecto,1.10586e+08
46628,2,10000,C,Ecto,2.29734e+06
24633.5,2,100,H,Ecto,20164.2
24633.5,2,1000,H,Ecto,25796.1
24633.5,2,10000,H,Ecto,0.00662466
24633.5,2,100,O,Ecto,12978.2
24633.5,2,1000,O,Ecto,28779
24633.5,2,10000,O,Ecto,0.00176333
24633.5,2,10,C,Ecto,11.654
24633.5,2,100,C,Ecto,16.1705
24633.5,2,1000,C,Ecto,24696
24633.5,2,10000,C,Ecto,239.901
51100.7,2,1000,H,Ecto,527497
51100.7,2,10000,H,Ecto,2656.19
51100.7,2,1000,H,Endo,735.011
51100.7,2,10000,H,Endo,259563
51100.7,2,1000,O,Ecto,1.90841e+06
51100.7,2,10000,O,Ecto,3.14477
51100.7,2,1000,O,Endo,0.00119946
51100.7,2,10000,O,Endo,34.3632
51100.7,2,100,C,Ecto,0.984251
51100.7,2,1000,C,Ecto,2.73788e+07
51100.7,2,10000,C,Ecto,104399
38270.2,2,100,H,Ecto,98.9982
38270.2,2,1000,H,Ecto,1.17849e+07
38270.2,2,10000,H,Ecto,133.109
38270.2,2,1000,H,Endo,33312.6
38270.2,2,10000,H,Endo,4.72124e+07
38270.2,2,1000,O,Ecto,4.26519e+07
38270.2,2,10000,O,Endo,660549
38270.2,2,1000,C,Ecto,342551
38270.2,2,10000,C,Ecto,1.67306e+06
67782.8,2,100,H,Ecto,5826.35
67782.8,2,1000,H,Ecto,520108
67782.8,2,10000,H,Ecto,0.25958
67782.8,2,1000,H,Endo,1793.6
67782.8,2,10000,H,Endo,370737
67782.8,2,100,O,Ecto,135512
67782.8,2,1000,O,Ecto,9.45805e+06
67782.8,2,10000,O,Endo,85789.8
67782.8,2,100,C,Ecto,0.355983
67782.8,2,1000,C,Ecto,4137.8
67782.8,2,10000,C,Ecto,185832
40129.9,2,10,H,Ecto,2639.77
40129.9,2,100,H,Ecto,235993
40129.9,2,1000,H,Ecto,749306
40129.9,2,10000,H,Endo,16.8753
40129.9,2,10,O,Ecto,52158.4
40129.9,2,100,O,Ecto,2.94009e+06
40129.9,2,1000,O,Ecto,315514
40129.9,2,100,C,Ecto,20066.3
40129.9,2,1000,C,Ecto,442644
40129.9,2,10000,C,Ecto,1.28195e+06
38270.2,2,100,H,Ecto,58257.1
38270.2,2,1000,H,Ecto,1.93349e+07
38270.2,2,1000,H,Endo,18550.6
38270.2,2,10000,H,Endo,1.41738e+06
38270.2,2,100,O,Ecto,2.9498e+07
38270.2,2,1000,O,Ecto,1.99251e+08
38270.2,2,10000,O,Endo,1.50287e+06
38270.2,2,100,C,Ecto,92.1142
38270.2,2,1000,C,Ecto,90152.5
38270.2,2,10000,C,Ecto,5.1946e+06
16607,2,10,H,Ecto,94.2414
16607,2,100,H,Ecto,791908
16607,2,1000,H,Ecto,1.03332e+06
16607,2,10000,H,Endo,194.213
16607,2,10,O,Ecto,1301.24
16607,2,100,O,Ecto,7.72721e+06
16607,2,1000,O,Ecto,593162
16607,2,10000,O,Endo,1.63361
16607,2,100,C,Ecto,21582.9
16607,2,1000,C,Ecto,493079
16607,2,10000,C,Ecto,4.98538e+06
46990.2,2,100,H,Ecto,769820
46990.2,2,1000,H,Ecto,1.68329e+07
46990.2,2,10000,H,Ecto,1.6022e+07
46990.2,2,1000,H,Endo,1.45338e+07
46990.2,2,10000,H,Endo,3.14637e+08
46990.2,2,1000,O,Ecto,279381
46990.2,2,10000,O,Endo,3.69656e+07
46990.2,2,1000,C,Ecto,5.20619e+06
46990.2,2,10000,C,Ecto,15926.6
68160.6,2,1000,H,Ecto,200528
68160.6,2,10000,H,Ecto,1.65287e+07
68160.6,2,1000,H,Endo,742238
68160.6,2,10000,H,Endo,1.76819e+07
68160.6,2,1000,O,Ecto,20.5528
68160.6,2,10000,O,Endo,1.74092e+06
68160.6,2,1000,C,Ecto,17494.9
68160.6,2,10000,C,Ecto,0.517691
71191.4,2,100,H,Ecto,2.19176e+06
71191.4,2,1000,H,Ecto,4.78119e+06
71191.4,2,10000,H,Ecto,2172.37
71191.4,2,1000,H,Endo,77264.6
71191.4,2,10000,H,Endo,6.31961e+06
71191.4,2,100,O,Ecto,7064.02
71191.4,2,1000,O,Ecto,586896
71191.4,2,10000,O,Endo,921561
71191.4,2,1000,C,Ecto,4.00012e+06
71191.4,2,10000,C,Ecto,6454.89
12467.8,2,10,H,Ecto,1.12311e+06
12467.8,2,100,H,Ecto,1.03719e+07
12467.8,2,1000,H,Ecto,1.15013e+07
12467.8,2,10000,H,Endo,93.2539
12467.8,2,10,O,Ecto,3.39278e+06
12467.8,2,100,O,Ecto,1.12796e+07
12467.8,2,1000,O,Ecto,2.89746e+06
12467.8,2,100,C,Ecto,0.858604
12467.8,2,1000,C,Ecto,8485.67
40156.9,2,10,H,Ecto,798.448
40156.9,2,100,H,Ecto,13215.2
40156.9,2,1000,H,Ecto,10851
40156.9,2,10000,H,Endo,0.0742362
40156.9,2,10,O,Ecto,2246.28
40156.9,2,100,O,Ecto,3942.52
40156.9,2,1000,O,Ecto,2594.04
40156.9,2,100,C,Ecto,0.000822404
40156.9,2,1000,C,Ecto,7.47644
65368.5,2,1000,H,Ecto,100.064
65368.5,2,10000,H,Endo,473289
65368.5,2,100000,H,Endo,0.0398866
65368.5,2,1000,O,Ecto,3.26756
65368.5,2,10000,O,Ecto,7943.88
65368.5,2,10000,O,Endo,8.0635
65368.5,2,1000,C,Ecto,405.047
65368.5,2,10000,C,Ecto,10273.7
65368.5,2,100000,C,Ecto,26969.5
60840.4,2,100,H,Ecto,57236.3
60840.4,2,1000,H,Ecto,10784
60840.4,2,10000,H,Endo,177590
60840.4,2,100000,H,Endo,0.652416
60840.4,2,100,O,Ecto,503.33
60840.4,2,1000,O,Ecto,294.077
60840.4,2,10000,O,Ecto,284851
60840.4,2,100,C,Ecto,5.56868e-05
60840.4,2,1000,C,Ecto,303747
60840.4,2,10000,C,Ecto,85344.7
60840.4,2,100000,C,Ecto,611120
15711.4,2,10,H,Ecto,41.5509
15711.4,2,100,H,Ecto,1.0433e+07
15711.4,2,1000,H,Ecto,1.77158e+07
15711.4,2,10000,H,Endo,102660
15711.4,2,10,O,Ecto,25.1957
15711.4,2,100,O,Ecto,3.62313e+06
15711.4,2,1000,O,Ecto,8.2071e+06
15711.4,2,10000,O,Endo,21315.5
15711.4,2,1000,C,Ecto,2.97351e+06
15711.4,2,10000,C,Ecto,131.808
